4.498290829360485077e-03,1.424764633178710938e+00,2.080471298995861584e+00,1.000000000000000000e+00
6.783389952033758163e-03,1.430807113647460938e+00,5.292475971478449726e-01,3.000000000000000000e+00
9.068489074707031250e-03,1.436249732971191406e+00,1.201179284763696842e+00,0.000000000000000000e+00
1.129055023193359375e-02,1.441104173660278320e+00,1.823604219496588685e+00,1.000000000000000000e+00
1.357936859130859375e-02,1.445364594459533691e+00,4.357065553332983843e-01,3.000000000000000000e+00
1.592903211712837219e-02,1.449023246765136719e+00,2.018135757755896986e-01,3.000000000000000000e+00
1.820716820657253265e-02,1.452075242996215820e+00,1.652554081114091078e+00,1.000000000000000000e+00
2.067060396075248718e-02,1.455828428268432617e+00,-3.970551049519218445e+00,2.000000000000000000e+00
2.305021323263645172e-02,1.458979129791259766e+00,2.050041890995915050e+00,1.000000000000000000e+00
2.542972564697265625e-02,1.461529970169067383e+00,1.077062299081291030e+00,0.000000000000000000e+00
2.788705751299858093e-02,1.463469982147216797e+00,-2.099726962341310343e-01,3.000000000000000000e+00
3.027210198342800140e-02,1.464805245399475098e+00,1.535672136382232766e+00,1.000000000000000000e+00
3.274907916784286499e-02,1.465536713600158691e+00,-9.084949218172926333e-01,3.000000000000000000e+00
3.522615507245063782e-02,1.465667963027954102e+00,1.932416112848045486e-02,0.000000000000000000e+00
3.783321380615234375e-02,1.466593027114868164e+00,-2.072207329908041906e+00,2.000000000000000000e+00
4.044027253985404968e-02,1.466917514801025391e+00,1.282956635121763611e-01,0.000000000000000000e+00
4.293441772460937500e-02,1.467886567115783691e+00,1.621296835886710253e-01,2.000000000000000000e+00
4.548807069659233093e-02,1.468245744705200195e+00,-8.264692575242225114e-01,3.000000000000000000e+00
4.796953126788139343e-02,1.468015313148498535e+00,7.781545055514424991e-01,1.000000000000000000e+00
5.045089870691299438e-02,1.467184662818908691e+00,-3.181681266638065608e-01,0.000000000000000000e+00
5.293235927820205688e-02,1.465754032135009766e+00,-5.337946790522209994e-01,0.000000000000000000e+00
5.547752231359481812e-02,1.463711500167846680e+00,-1.693480054638796473e+00,3.000000000000000000e+00
5.794258043169975281e-02,1.461077332496643066e+00,5.251084126138153008e-02,1.000000000000000000e+00
6.053075939416885376e-02,1.458954453468322754e+00,-3.726870641579466681e-01,2.000000000000000000e+00
6.304159015417098999e-02,1.456217527389526367e+00,1.998516649722728300e-01,1.000000000000000000e+00
6.555233150720596313e-02,1.452880501747131348e+00,-8.065706326985377927e-01,0.000000000000000000e+00
6.813945621252059937e-02,1.448928356170654297e+00,-1.979899360337980196e+00,3.000000000000000000e+00
7.080183178186416626e-02,1.444365382194519043e+00,-2.183362870296291280e+00,3.000000000000000000e+00
7.346429675817489624e-02,1.439202666282653809e+00,-1.413155442691930830e+00,0.000000000000000000e+00
7.612667232751846313e-02,1.433439850807189941e+00,-1.470354489096393991e+00,0.000000000000000000e+00
7.878904044628143311e-02,1.427077293395996094e+00,-1.511595512715956602e+00,0.000000000000000000e+00
8.145151287317276001e-02,1.420114636421203613e+00,-1.538964612183605141e+00,0.000000000000000000e+00
8.411731570959091187e-02,1.413774251937866211e+00,2.066825452459920776e+00,2.000000000000000000e+00
8.669128268957138062e-02,1.406848073005676270e+00,-5.478928068216635250e-01,1.000000000000000000e+00
8.916969597339630127e-02,1.399317502975463867e+00,-4.511154934916123960e-01,1.000000000000000000e+00
9.164800494909286499e-02,1.391186833381652832e+00,-1.171289314896966971e+00,0.000000000000000000e+00
9.420518577098846436e-02,1.382442831993103027e+00,-1.984482743923705383e+00,3.000000000000000000e+00
9.684896469116210938e-02,1.373084545135498047e+00,-2.208264385067308044e+00,3.000000000000000000e+00
9.949274361133575439e-02,1.363126397132873535e+00,-1.497602599058694750e+00,0.000000000000000000e+00
1.020624190568923950e-01,1.352568745613098145e+00,-8.586059248255810683e-01,1.000000000000000000e+00
1.046321839094161987e-01,1.341411352157592773e+00,-1.280838490826482712e+00,0.000000000000000000e+00
1.073912605643272400e-01,1.330288648605346680e+00,1.232626908385270892e-01,2.000000000000000000e+00
1.101502403616905212e-01,1.318565964698791504e+00,-1.140769239913879574e+00,0.000000000000000000e+00
1.130067855119705200e-01,1.306230545043945312e+00,-1.999657283685307929e+00,3.000000000000000000e+00
1.158632263541221619e-01,1.293295264244079590e+00,-1.298367429166233933e+00,0.000000000000000000e+00
1.187896728515625000e-01,1.279753327369689941e+00,-1.883946559939515764e+00,3.000000000000000000e+00
1.216527000069618225e-01,1.265607118606567383e+00,-9.343696260510785390e-01,1.000000000000000000e+00
1.245156303048133850e-01,1.250860929489135742e+00,-1.198742544864899173e+00,0.000000000000000000e+00
1.274606734514236450e-01,1.235502839088439941e+00,-1.856548700622424830e+00,3.000000000000000000e+00
1.303403824567794800e-01,1.219543337821960449e+00,-8.595772104000320990e-01,1.000000000000000000e+00
1.333581954240798950e-01,1.204292774200439453e+00,3.339019562177054645e+00,2.000000000000000000e+00
1.363019943237304688e-01,1.188448190689086914e+00,-5.603743250510706542e-01,1.000000000000000000e+00
1.392457932233810425e-01,1.172003626823425293e+00,-8.936258172486759577e-01,0.000000000000000000e+00
1.421872079372406006e-01,1.155573606491088867e+00,1.318921200212071154e+00,2.000000000000000000e+00
1.450488120317459106e-01,1.138540744781494141e+00,-3.417249203888264031e-01,1.000000000000000000e+00
1.478173285722732544e-01,1.120913505554199219e+00,-1.192000490816552682e-03,1.000000000000000000e+00
1.505857408046722412e-01,1.102686285972595215e+00,-3.596494927375601947e-01,0.000000000000000000e+00
1.533541679382324219e-01,1.083859324455261230e+00,-3.111873711300745526e-01,0.000000000000000000e+00
1.560377180576324463e-01,1.064441919326782227e+00,2.845070414444148543e-01,1.000000000000000000e+00
1.587212532758712769e-01,1.044424891471862793e+00,-7.026243333541515312e-03,0.000000000000000000e+00
1.614048033952713013e-01,1.023808479309082031e+00,4.300354591762811651e-02,0.000000000000000000e+00
1.640883386135101318e-01,1.002592563629150391e+00,9.319512299663301746e-02,0.000000000000000000e+00
1.668505668640136719e-01,9.807728528976440430e-01,-3.692659094269561404e-01,3.000000000000000000e+00
1.696949899196624756e-01,9.583604335784912109e-01,-4.856641221842881162e-01,3.000000000000000000e+00
1.724719107151031494e-01,9.363719224929809570e-01,3.963749842940285539e+00,2.000000000000000000e+00
1.751703321933746338e-01,9.137821197509765625e-01,1.867639933593363832e-01,1.000000000000000000e+00
1.777708083391189575e-01,8.905942440032958984e-01,5.344084030564044685e-01,1.000000000000000000e+00
1.803712844848632812e-01,8.668068647384643555e-01,2.953287411043845623e-01,0.000000000000000000e+00
1.828946173191070557e-01,8.424124717712402344e-01,6.937592143488029439e-01,1.000000000000000000e+00
1.854179352521896362e-01,8.174188733100891113e-01,-1.013771574335407877e+00,0.000000000000000000e+00
1.879412680864334106e-01,7.918260097503662109e-01,-9.716813861934383567e-01,0.000000000000000000e+00
1.905488073825836182e-01,7.669229507446289062e-01,4.028088405928269999e+00,2.000000000000000000e+00
1.931563317775726318e-01,7.414209246635437012e-01,-1.041629473098623748e+00,0.000000000000000000e+00
1.955784857273101807e-01,7.160767316818237305e-01,2.374278359615698442e+00,2.000000000000000000e+00
1.979164183139801025e-01,6.901298165321350098e-01,-1.003627708837909749e+00,1.000000000000000000e+00
2.003196775913238525e-01,6.649854183197021484e-01,4.383638942977438724e+00,2.000000000000000000e+00
2.027228325605392456e-01,6.392423510551452637e-01,-1.258027429128446784e+00,0.000000000000000000e+00
2.051260024309158325e-01,6.129006743431091309e-01,-1.218757990517474354e+00,0.000000000000000000e+00
2.075289785861968994e-01,5.859603881835937500e-01,-1.182061065233853014e+00,0.000000000000000000e+00
2.099319398403167725e-01,5.584216117858886719e-01,-1.148523572894674771e+00,0.000000000000000000e+00
2.122755944728851318e-01,5.302736759185791016e-01,-1.220606419957902089e+00,1.000000000000000000e+00
2.147066146135330200e-01,5.015518665313720703e-01,-1.123890917852348847e+00,3.000000000000000000e+00
2.171603143215179443e-01,4.737051725387573242e-01,4.904789214887398607e+00,2.000000000000000000e+00
2.196137458086013794e-01,4.452598690986633301e-01,-1.182580225826740161e+00,0.000000000000000000e+00
2.219944894313812256e-01,4.162071943283081055e-01,-1.282616283321089012e+00,1.000000000000000000e+00
2.244376242160797119e-01,3.865677118301391602e-01,-1.303370550523452520e+00,3.000000000000000000e+00
2.266508042812347412e-01,3.575974702835083008e-01,4.363002193932016048e+00,2.000000000000000000e+00
2.289301902055740356e-01,3.280568420886993408e-01,-1.152695095654734159e+00,3.000000000000000000e+00
2.313013076782226562e-01,2.979334294795989990e-01,-1.065626303707260858e+00,3.000000000000000000e+00
2.335832566022872925e-01,2.671762704849243164e-01,-1.260528765135460416e+00,1.000000000000000000e+00
2.359567582607269287e-01,2.358500808477401733e-01,-1.152288262313588829e+00,3.000000000000000000e+00
2.384013235569000244e-01,2.039387971162796021e-01,-1.143090113233539595e+00,3.000000000000000000e+00
2.407857924699783325e-01,1.714157015085220337e-01,-1.364077938122476352e+00,1.000000000000000000e+00
2.432335913181304932e-01,1.383135914802551270e-01,-1.500711537210576152e+00,3.000000000000000000e+00
2.457497566938400269e-01,1.046224683523178101e-01,-1.684419560084846834e+00,3.000000000000000000e+00
2.482322752475738525e-01,7.099915295839309692e-02,6.852497405650808115e-01,2.000000000000000000e+00
2.506203651428222656e-01,3.741246089339256287e-02,2.304081244377414461e-01,2.000000000000000000e+00
2.528498768806457520e-01,4.456160124391317368e-03,1.248865477558713266e+01,2.000000000000000000e+00
2.551813125610351562e-01,-2.718904241919517517e-02,6.255668361311006898e+00,2.000000000000000000e+00
2.616487443447113037e-01,-4.113871231675148010e-02,-1.000000000000000000e+02,2.000000000000000000e+00
4.315853118896484375e-03,1.391607284545898438e+00,4.046968674539511035e+00,2.000000000000000000e+00
6.583309266716241837e-03,1.381840348243713379e+00,-2.361325803409697333e+00,3.000000000000000000e+00
8.961295709013938904e-03,1.372486591339111328e+00,1.321617088175952359e+00,2.000000000000000000e+00
1.124525070190429688e-02,1.362523078918457031e+00,-1.007561256308320052e+00,1.000000000000000000e+00
1.361970882862806320e-02,1.351965665817260742e+00,-2.238743943281234383e+00,3.000000000000000000e+00
1.599435880780220032e-02,1.340808272361755371e+00,-1.666277543551501594e+00,0.000000000000000000e+00
1.846227608621120453e-02,1.329050898551940918e+00,-2.401836225332515173e+00,3.000000000000000000e+00
2.092094346880912781e-02,1.317851543426513672e+00,2.427955653521604695e+00,2.000000000000000000e+00
2.337989769876003265e-02,1.306052565574645996e+00,-1.860640238276914715e+00,0.000000000000000000e+00
2.593221701681613922e-02,1.293652296066284180e+00,-2.598741815060377380e+00,3.000000000000000000e+00
2.839622460305690765e-02,1.280658364295959473e+00,-1.323241558004041307e+00,1.000000000000000000e+00
3.079118765890598297e-02,1.267064332962036133e+00,-1.274461778615459506e+00,1.000000000000000000e+00
3.318633884191513062e-02,1.252870678901672363e+00,-1.547859481430407413e+00,0.000000000000000000e+00
3.550615161657333374e-02,1.238074183464050293e+00,-1.023184451566094166e+00,1.000000000000000000e+00
3.791704028844833374e-02,1.222659826278686523e+00,-2.001667374903830510e+00,3.000000000000000000e+00
4.023513942956924438e-02,1.206651449203491211e+00,-8.321613186054139799e-01,1.000000000000000000e+00
4.246206209063529968e-02,1.190064072608947754e+00,-5.325211523144435244e-01,1.000000000000000000e+00
4.459638521075248718e-02,1.172882199287414551e+00,-3.455421127005979809e-01,1.000000000000000000e+00
4.678993299603462219e-02,1.155084252357482910e+00,-1.080648944534685851e+00,3.000000000000000000e+00
4.889488220214843750e-02,1.137280464172363281e+00,1.631125939925664126e+00,2.000000000000000000e+00
5.108165740966796875e-02,1.118856549263000488e+00,-1.377105892629855388e+00,3.000000000000000000e+00
5.318574979901313782e-02,1.099846720695495605e+00,-4.172407351326785641e-01,1.000000000000000000e+00
5.533685535192489624e-02,1.081091880798339844e+00,2.517706773635535633e+00,2.000000000000000000e+00
5.742340162396430969e-02,1.061753511428833008e+00,-2.831296467215043133e-01,1.000000000000000000e+00
5.942287296056747437e-02,1.042375683784484863e+00,1.721071273918607814e+00,2.000000000000000000e+00
6.133308261632919312e-02,1.022402048110961914e+00,-7.323534410619345070e-02,1.000000000000000000e+00
6.326866149902343750e-02,1.002951860427856445e+00,4.140353281191562651e+00,2.000000000000000000e+00
6.518564373254776001e-02,9.834815263748168945e-01,1.847304250519852031e+00,2.000000000000000000e+00
6.716594845056533813e-02,9.634050130844116211e-01,-7.358118648526488226e-01,3.000000000000000000e+00
6.904983520507812500e-02,9.427466988563537598e-01,1.024180596672590593e-01,1.000000000000000000e+00
7.099752128124237061e-02,9.214924573898315430e-01,-4.880320587535880161e-01,3.000000000000000000e+00
7.294511795043945312e-02,8.996385335922241211e-01,-2.535192293026966581e-01,0.000000000000000000e+00
7.482614368200302124e-02,8.772020936012268066e-01,1.793158541990760579e-01,1.000000000000000000e+00
7.663402706384658813e-02,8.541790246963500977e-01,3.987004419207960115e-01,1.000000000000000000e+00
7.844199985265731812e-02,8.305563926696777344e-01,2.578688527399037866e-01,0.000000000000000000e+00
8.024988323450088501e-02,8.063341379165649414e-01,3.137881223283045529e-01,0.000000000000000000e+00
8.205785602331161499e-02,7.815123200416564941e-01,3.695502426400594231e-01,0.000000000000000000e+00
8.395042270421981812e-02,7.560836672782897949e-01,-2.155609820820700295e-02,3.000000000000000000e+00
8.590765297412872314e-02,7.300463914871215820e-01,-9.479315838902266367e-02,3.000000000000000000e+00
8.785466849803924561e-02,7.044353485107421875e-01,4.263711319745380202e+00,2.000000000000000000e+00
8.976745605468750000e-02,6.789942979812622070e-01,3.135643153602654998e+00,2.000000000000000000e+00
9.163322299718856812e-02,6.538639068603515625e-01,3.709228207086664675e+00,2.000000000000000000e+00
9.342727810144424438e-02,6.281334757804870605e-01,2.932016735869649171e-01,1.000000000000000000e+00
9.522132575511932373e-02,6.018031239509582520e-01,2.299082617429633046e-01,0.000000000000000000e+00
9.709386527538299561e-02,5.748805999755859375e-01,-6.272937578685741644e-02,3.000000000000000000e+00
9.904690086841583252e-02,5.473518371582031250e-01,-2.825522060256548951e-01,3.000000000000000000e+00
1.009998321533203125e-01,5.192229747772216797e-01,-1.360109762077854612e-02,0.000000000000000000e+00
1.028751358389854431e-01,4.905038774013519287e-01,3.903355616884891521e-01,1.000000000000000000e+00
1.046628952026367188e-01,4.611907601356506348e-01,6.433090512946944006e-01,1.000000000000000000e+00
1.065180748701095581e-01,4.312816262245178223e-01,2.345998991801263867e-01,3.000000000000000000e+00
1.084667220711708069e-01,4.007751047611236572e-01,-1.777869783521054958e-02,3.000000000000000000e+00
1.103407889604568481e-01,3.696615695953369141e-01,4.614703829314248384e-01,1.000000000000000000e+00
1.122147589921951294e-01,3.379479646682739258e-01,4.160711703771085013e-01,0.000000000000000000e+00
1.142534241080284119e-01,3.062438964843750000e-01,2.614288399736023116e+00,2.000000000000000000e+00
1.163894683122634888e-01,2.739291489124298096e-01,-5.129897175953487820e-02,3.000000000000000000e+00
1.185254082083702087e-01,2.410144358873367310e-01,1.864435580938845760e-01,0.000000000000000000e+00
1.207523345947265625e-01,2.075047045946121216e-01,-2.749540315806189295e-01,3.000000000000000000e+00
1.228903755545616150e-01,1.734081059694290161e-01,2.225730868971152188e-01,1.000000000000000000e+00
1.248948127031326294e-01,1.398584693670272827e-01,4.630582566432576819e+00,2.000000000000000000e+00
1.268992424011230469e-01,1.057088673114776611e-01,-5.615620839774351225e-01,0.000000000000000000e+00
1.289857923984527588e-01,7.095831632614135742e-02,-1.383121527068054801e+00,3.000000000000000000e+00
1.311521530151367188e-01,3.560429438948631287e-02,-2.258953985013106180e+00,3.000000000000000000e+00
1.332515776157379150e-01,-3.399157430976629257e-04,-2.638619387209841793e+00,1.000000000000000000e+00
1.354110687971115112e-01,-3.584610298275947571e-02,2.049261569455766718e+01,2.000000000000000000e+00
1.363772451877593994e-01,-4.279835522174835205e-02,-1.000000000000000000e+02,0.000000000000000000e+00
-1.100234966725111008e-02,1.392094612121582031e+00,-2.044064904381171832e+00,1.000000000000000000e+00
-1.644325256347656250e-02,1.381795406341552734e+00,-2.801783253211727054e-01,3.000000000000000000e+00
-2.188415452837944031e-02,1.370896339416503906e+00,-1.208070017015558051e+00,0.000000000000000000e+00
-2.716293372213840485e-02,1.360323309898376465e+00,2.216445104104406205e+00,2.000000000000000000e+00
-3.250293806195259094e-02,1.349153161048889160e+00,-2.064808556518981764e+00,1.000000000000000000e+00
-3.784322738647460938e-02,1.337383985519409180e+00,-1.457963326832611983e+00,0.000000000000000000e+00
-4.335956647992134094e-02,1.326196670532226562e+00,5.912028081161622151e-01,2.000000000000000000e+00
-4.894752427935600281e-02,1.314406275749206543e+00,-2.248911714125311878e+00,1.000000000000000000e+00
-5.445861816406250000e-02,1.302012443542480469e+00,-6.756265240211110079e-01,3.000000000000000000e+00
-6.011018902063369751e-02,1.290397882461547852e+00,1.540837736657704182e+00,2.000000000000000000e+00
-6.568555533885955811e-02,1.278191328048706055e+00,-4.122773588821917468e-01,3.000000000000000000e+00
-7.132301479578018188e-02,1.265372633934020996e+00,-1.889314886507576174e+00,1.000000000000000000e+00
-7.689790427684783936e-02,1.251969575881958008e+00,-5.133970420428954906e-01,3.000000000000000000e+00
-8.243303000926971436e-02,1.239549517631530762e+00,3.711224054941891559e+00,2.000000000000000000e+00
-8.796844631433486938e-02,1.226529359817504883e+00,-1.182786101692983038e+00,0.000000000000000000e+00
-9.336719661951065063e-02,1.213570833206176758e+00,1.399303356231666795e+00,2.000000000000000000e+00
-9.868212044239044189e-02,1.200030446052551270e+00,-3.195275095840190982e-01,3.000000000000000000e+00
-1.040592193603515625e-01,1.185869693756103516e+00,-1.840581166953539904e+00,1.000000000000000000e+00
-1.095750778913497925e-01,1.171642780303955078e+00,-5.660424017678906683e-01,2.000000000000000000e+00
-1.150010079145431519e-01,1.156824588775634766e+00,-1.666729794346781535e-01,3.000000000000000000e+00
-1.204271316528320312e-01,1.141406416893005371e+00,-8.971084732055771838e-01,0.000000000000000000e+00
-1.259502470493316650e-01,1.125372886657714844e+00,-1.964260437667433079e+00,1.000000000000000000e+00
-1.316839158535003662e-01,1.109230875968933105e+00,-8.716397194517526703e-01,2.000000000000000000e+00
-1.374844610691070557e-01,1.092477321624755859e+00,-1.744061459771585332e+00,1.000000000000000000e+00
-1.432830840349197388e-01,1.075103163719177246e+00,-1.168551259757236949e+00,0.000000000000000000e+00
-1.491469442844390869e-01,1.057103633880615234e+00,-1.875023987332012920e+00,1.000000000000000000e+00
-1.550108939409255981e-01,1.038504958152770996e+00,-1.212067185298536742e+00,0.000000000000000000e+00
-1.607844382524490356e-01,1.019335269927978516e+00,-2.077426991827724112e-01,3.000000000000000000e+00
-1.667316406965255737e-01,1.000094771385192871e+00,-2.414772472511003687e-01,2.000000000000000000e+00
-1.726789474487304688e-01,9.802544116973876953e-01,-8.691853050666793479e-01,0.000000000000000000e+00
-1.785444319248199463e-01,9.598440527915954590e-01,3.996219334385500699e-02,3.000000000000000000e+00
-1.847128868103027344e-01,9.401888251304626465e-01,2.371639369152700461e+00,2.000000000000000000e+00
-1.908164918422698975e-01,9.199585318565368652e-01,1.299478007320271911e-01,3.000000000000000000e+00
-1.968338042497634888e-01,8.991479873657226562e-01,4.908194306322581912e-01,3.000000000000000000e+00
-2.027707546949386597e-01,8.777731657028198242e-01,7.217228997039921712e-01,3.000000000000000000e+00
-2.087077647447586060e-01,8.557984828948974609e-01,7.479863823903087905e-02,0.000000000000000000e+00
-2.145774811506271362e-01,8.338217139244079590e-01,2.270178537522167694e+00,2.000000000000000000e+00
-2.205381393432617188e-01,8.112246394157409668e-01,-9.256569590067715847e-01,1.000000000000000000e+00
-2.265875786542892456e-01,7.879931330680847168e-01,-1.161752844522338846e+00,1.000000000000000000e+00
-2.326370179653167725e-01,7.641615271568298340e-01,-3.765109469352978522e-01,0.000000000000000000e+00
-2.386865168809890747e-01,7.397299408912658691e-01,-3.541014115292000497e-01,0.000000000000000000e+00
-2.450035512447357178e-01,7.157667279243469238e-01,2.154548607959168471e+00,2.000000000000000000e+00
-2.514072954654693604e-01,6.911895275115966797e-01,-1.194454314154937746e+00,1.000000000000000000e+00
-2.578810751438140869e-01,6.659939289093017578e-01,-1.259987767205756226e+00,1.000000000000000000e+00
-2.643558382987976074e-01,6.414279341697692871e-01,3.499040720890957523e+00,2.000000000000000000e+00
-2.707518935203552246e-01,6.162778139114379883e-01,-7.910764507064868556e-02,3.000000000000000000e+00
-2.771479487419128418e-01,5.905280113220214844e-01,-6.350430430177880226e-01,0.000000000000000000e+00
-2.837657034397125244e-01,5.647709369659423828e-01,3.021843468430461255e-01,2.000000000000000000e+00
-2.904673218727111816e-01,5.383811593055725098e-01,-1.548186715305688521e+00,1.000000000000000000e+00
-2.972718775272369385e-01,5.123543739318847656e-01,1.924315544755569318e+00,2.000000000000000000e+00
-3.040035367012023926e-01,4.857564270496368408e-01,-1.875989295884028241e-01,3.000000000000000000e+00
-3.109807968139648438e-01,4.594511091709136963e-01,1.099267899213782540e+00,2.000000000000000000e+00
-3.181995749473571777e-01,4.336327314376831055e-01,1.688387440933649897e+00,2.000000000000000000e+00
-3.255353569984436035e-01,4.077502787113189697e-01,1.604983906785094061e-01,2.000000000000000000e+00
-3.329582214355468750e-01,3.812355399131774902e-01,-1.981460314910804099e+00,1.000000000000000000e+00
-3.403811454772949219e-01,3.541210591793060303e-01,-1.281207889643809494e+00,0.000000000000000000e+00
-3.478041291236877441e-01,3.264070451259613037e-01,-1.372759282946077519e+00,0.000000000000000000e+00
-3.553111553192138672e-01,2.980643808841705322e-01,-2.421331879877838933e+00,1.000000000000000000e+00
-3.630351424217224121e-01,2.704329788684844971e-01,1.602336474691594459e+00,2.000000000000000000e+00
-3.706781864166259766e-01,2.422340959310531616e-01,-1.143866528651612979e+00,3.000000000000000000e+00
-3.784808218479156494e-01,2.143058627843856812e-01,1.263689257333567295e-01,2.000000000000000000e+00
-3.862834870815277100e-01,1.857779622077941895e-01,-2.165238727036239652e+00,0.000000000000000000e+00
-3.943659365177154541e-01,1.580803245306015015e-01,1.141637374740309907e+00,2.000000000000000000e+00
-4.023617208003997803e-01,1.298225671052932739e-01,-1.579206815080538062e+00,3.000000000000000000e+00
-4.104192852973937988e-01,1.009321063756942749e-01,-3.309095364065255840e+00,1.000000000000000000e+00
-4.188159406185150146e-01,7.237587869167327881e-02,-1.495391753912503008e+00,2.000000000000000000e+00
-4.272727966308593750e-01,4.318078607320785522e-02,-3.870087621936930677e+00,1.000000000000000000e+00
-4.359242022037506104e-01,1.390450913459062576e-02,7.140819724471936247e+00,2.000000000000000000e+00
-4.451256692409515381e-01,-1.163301710039377213e-02,-1.000000000000000000e+02,2.000000000000000000e+00
8.689021691679954529e-03,1.399994373321533203e+00,-1.107135156543733956e+00,0.000000000000000000e+00
1.294355373829603195e-02,1.393632650375366211e+00,-1.342965765427652503e-01,1.000000000000000000e+00
1.719818077981472015e-02,1.386670827865600586e+00,-1.091653198998812968e+00,0.000000000000000000e+00
2.158289030194282532e-02,1.379804611206054688e+00,-5.947480977204577801e-01,2.000000000000000000e+00
2.589139901101589203e-02,1.372351884841918945e+00,-6.876368126893225852e-02,1.000000000000000000e+00
3.014068678021430969e-02,1.364309072494506836e+00,-1.646624882606590734e-01,1.000000000000000000e+00
3.446636348962783813e-02,1.355655789375305176e+00,-1.736983316249164799e+00,3.000000000000000000e+00
3.864908218383789062e-02,1.347342133522033691e+00,2.404376255676379692e+00,2.000000000000000000e+00
4.290819168090820312e-02,1.338432550430297852e+00,-1.960689862047927390e+00,3.000000000000000000e+00
4.716739803552627563e-02,1.328922986984252930e+00,-1.227103868478621962e+00,0.000000000000000000e+00
5.136365815997123718e-02,1.318808317184448242e+00,-5.739456710706167808e-01,1.000000000000000000e+00
5.556011199951171875e-02,1.308093428611755371e+00,-1.083188027859591784e+00,0.000000000000000000e+00
5.976838991045951843e-02,1.297609090805053711e+00,1.245609933421275128e+00,2.000000000000000000e+00
6.397657096385955811e-02,1.286524534225463867e+00,-1.080125663672134806e+00,0.000000000000000000e+00
6.809578090906143188e-02,1.274834036827087402e+00,-1.896722424434062748e-01,1.000000000000000000e+00
7.214164733886718750e-02,1.262555360794067383e+00,-1.000924603472969909e-01,1.000000000000000000e+00
7.618732750415802002e-02,1.249676823616027832e+00,-6.599008547993321372e-01,0.000000000000000000e+00
8.009443432092666626e-02,1.237528324127197266e+00,4.457591759713761981e+00,2.000000000000000000e+00
8.400144428014755249e-02,1.224779605865478516e+00,-7.686440199690878217e-01,0.000000000000000000e+00
8.800105750560760498e-02,1.211424112319946289e+00,-1.677658787248929029e+00,3.000000000000000000e+00
9.193219989538192749e-02,1.197470307350158691e+00,-3.153650387157245216e-01,1.000000000000000000e+00
9.578447043895721436e-02,1.182927846908569336e+00,-2.088322750691304353e-02,1.000000000000000000e+00
9.971942752599716187e-02,1.167792916297912598e+00,-1.254566440645446646e+00,3.000000000000000000e+00
1.036544814705848694e-01,1.152057886123657227e+00,-6.842149755214563811e-01,0.000000000000000000e+00
1.076124161481857300e-01,1.136748194694519043e+00,2.821928945780382669e+00,2.000000000000000000e+00
1.114870086312294006e-01,1.120831251144409180e+00,-1.313335297825687920e-02,1.000000000000000000e+00
1.153616905212402344e-01,1.104314327239990234e+00,-4.377206677046956429e-01,0.000000000000000000e+00
1.192363724112510681e-01,1.087197542190551758e+00,-3.993555073635093322e-01,0.000000000000000000e+00
1.229410171508789062e-01,1.070207834243774414e+00,2.803181749688701707e+00,2.000000000000000000e+00
1.267227232456207275e-01,1.052627801895141602e+00,-1.073105571285906334e+00,3.000000000000000000e+00
1.305044144392013550e-01,1.034447908401489258e+00,-6.125315316797639298e-01,0.000000000000000000e+00
1.342861205339431763e-01,1.015668034553527832e+00,-5.708491117752600985e-01,0.000000000000000000e+00
1.380678117275238037e-01,9.962881803512573242e-01,-5.283933342763020846e-01,0.000000000000000000e+00
1.417752206325531006e-01,9.763203859329223633e-01,8.231217897793044469e-02,1.000000000000000000e+00
1.454825401306152344e-01,9.557524919509887695e-01,-6.219857091842584396e-01,0.000000000000000000e+00
1.491195708513259888e-01,9.345945119857788086e-01,-5.168329765864132508e-01,1.000000000000000000e+00
1.526885032653808594e-01,9.128472805023193359e-01,-6.707606660523015574e-01,1.000000000000000000e+00
1.561057120561599731e-01,8.919312357902526855e-01,5.162457597420950783e+00,2.000000000000000000e+00
1.595995873212814331e-01,8.704228997230529785e-01,-1.090583364275430567e+00,3.000000000000000000e+00
1.631788313388824463e-01,8.483186364173889160e-01,-8.766808756533908120e-01,3.000000000000000000e+00
1.667579710483551025e-01,8.256142735481262207e-01,-4.520904870409196974e-01,0.000000000000000000e+00
1.704256087541580200e-01,8.023076653480529785e-01,-5.907090340101592840e-01,3.000000000000000000e+00
1.740193367004394531e-01,7.797098755836486816e-01,5.185790073512390741e+00,2.000000000000000000e+00
1.776740998029708862e-01,7.565047144889831543e-01,-3.464311822439742894e-01,3.000000000000000000e+00
1.813289672136306763e-01,7.326998114585876465e-01,1.458648820292296477e-02,0.000000000000000000e+00
1.849031448364257812e-01,7.083050608634948730e-01,1.857520394255243457e-01,1.000000000000000000e+00
1.885528564453125000e-01,6.833233237266540527e-01,-1.966041902195729552e-01,3.000000000000000000e+00
1.922025680541992188e-01,6.577417254447937012e-01,1.155456666186296388e-01,0.000000000000000000e+00
1.958523690700531006e-01,6.315600872039794922e-01,1.505599414178107054e-01,0.000000000000000000e+00
1.995020806789398193e-01,6.047787070274353027e-01,1.830782269465487389e-01,0.000000000000000000e+00
2.030675858259201050e-01,5.773861408233642578e-01,1.738322171448498932e-01,1.000000000000000000e+00
2.066967934370040894e-01,5.493826270103454590e-01,-5.901513180198765252e-01,3.000000000000000000e+00
2.104059159755706787e-01,5.220113992691040039e-01,4.386619240104136175e+00,2.000000000000000000e+00
2.140503823757171631e-01,4.940471649169921875e-01,8.052085435645153777e-02,1.000000000000000000e+00
2.177859246730804443e-01,4.654881656169891357e-01,-7.066357117507198193e-01,3.000000000000000000e+00
2.214277237653732300e-01,4.369059801101684570e-01,1.949547206166027946e+00,2.000000000000000000e+00
2.250694334506988525e-01,4.077239036560058594e-01,-4.666307360224664080e-01,0.000000000000000000e+00
2.286325395107269287e-01,3.779315650463104248e-01,-9.327913483011116003e-02,1.000000000000000000e+00
2.321956604719161987e-01,3.475391864776611328e-01,-3.172635985111185164e-01,0.000000000000000000e+00
2.357587814331054688e-01,3.165469467639923096e-01,-3.669615403480008808e-01,0.000000000000000000e+00
2.393907606601715088e-01,2.849570512771606445e-01,-8.546953670021639748e-01,3.000000000000000000e+00
2.430225312709808350e-01,2.527672350406646729e-01,-7.172158208292387371e-01,0.000000000000000000e+00
2.465675324201583862e-01,2.199891358613967896e-01,-3.477566957858175822e-01,1.000000000000000000e+00
2.501124441623687744e-01,1.866109520196914673e-01,-8.224279861846355288e-01,0.000000000000000000e+00
2.535934448242187500e-01,1.526297926902770996e-01,-7.545279319116093841e-01,1.000000000000000000e+00
2.571370005607604980e-01,1.180388033390045166e-01,-1.610977956798506083e+00,3.000000000000000000e+00
2.607683241367340088e-01,8.284085988998413086e-02,-2.264332968463945495e+00,3.000000000000000000e+00
2.643403112888336182e-01,4.705282300710678101e-02,-2.042770661313964897e+00,1.000000000000000000e+00
2.679877281188964844e-01,1.065674796700477600e-02,-3.175961318196498073e+00,3.000000000000000000e+00
2.717169821262359619e-01,-2.635180018842220306e-02,6.069307251175446005e+00,3.000000000000000000e+00
2.757559716701507568e-01,-6.103852018713951111e-02,-1.000000000000000000e+02,1.000000000000000000e+00
-2.397823380306363106e-03,1.432189345359802246e+00,-2.294683552062894982e+00,2.000000000000000000e+00
-3.524589585140347481e-03,1.442347288131713867e+00,1.354460289347571234e+00,0.000000000000000000e+00
-4.729080013930797577e-03,1.451914668083190918e+00,8.813106993638382125e-01,1.000000000000000000e+00
-5.909061525017023087e-03,1.462185382843017578e+00,-4.699482258033202520e+00,2.000000000000000000e+00
-7.018470671027898788e-03,1.471861243247985840e+00,1.537826650420556662e+00,3.000000000000000000e+00
-8.213520050048828125e-03,1.480929136276245117e+00,9.076348693289457703e-01,1.000000000000000000e+00
-9.472656063735485077e-03,1.489386916160583496e+00,8.284367714249196712e-01,1.000000000000000000e+00
-1.080808602273464203e-02,1.497236967086791992e+00,5.627936945414842018e-01,1.000000000000000000e+00
-1.221160870045423508e-02,1.504491329193115234e+00,3.537426032465316172e-01,1.000000000000000000e+00
-1.369504909962415695e-02,1.511140704154968262e+00,8.365365528027382536e-02,1.000000000000000000e+00
-1.517505664378404617e-02,1.518762111663818359e+00,-6.120592490531197249e+00,2.000000000000000000e+00
-1.656141318380832672e-02,1.525802373886108398e+00,1.125242161390020756e+00,3.000000000000000000e+00
-1.788225211203098297e-02,1.532258629798889160e+00,1.207711148570042470e+00,3.000000000000000000e+00
-1.920337602496147156e-02,1.538115501403808594e+00,9.759239520147957592e-01,0.000000000000000000e+00
-2.058582380414009094e-02,1.543368577957153320e+00,4.237353255699940480e-01,1.000000000000000000e+00
-2.206707000732421875e-02,1.549075007438659668e+00,-4.043807627585937148e+00,2.000000000000000000e+00
-2.342481538653373718e-02,1.554769515991210938e+00,-1.247100196750739132e+00,2.000000000000000000e+00
-2.472181245684623718e-02,1.559866905212402344e+00,1.247763518001222538e+00,3.000000000000000000e+00
-2.611370012164115906e-02,1.564340353012084961e+00,4.278505580055139146e-02,1.000000000000000000e+00
-2.750625647604465485e-02,1.568215489387512207e+00,5.568652855138793711e-01,0.000000000000000000e+00
-2.889928780496120453e-02,1.571492075920104980e+00,4.793974154934517173e-01,0.000000000000000000e+00
-3.021831437945365906e-02,1.574179053306579590e+00,1.202843796243031393e+00,3.000000000000000000e+00
-3.160648420453071594e-02,1.576238393783569336e+00,-4.176101346495773026e-01,1.000000000000000000e+00
-3.315820544958114624e-02,1.578407287597656250e+00,-3.221292289983938240e+00,2.000000000000000000e+00
-3.463277965784072876e-02,1.579976320266723633e+00,9.793327257844179901e-01,3.000000000000000000e+00
-3.604354709386825562e-02,1.580953836441040039e+00,7.874674671842012419e-01,3.000000000000000000e+00
-3.755206987261772156e-02,1.581309556961059570e+00,-1.736993427588173544e+00,1.000000000000000000e+00
-3.906078264117240906e-02,1.581066489219665527e+00,-9.359053030946711260e-01,0.000000000000000000e+00
-4.072894901037216187e-02,1.581065773963928223e+00,-2.800959228299336523e+00,2.000000000000000000e+00
-4.239721223711967468e-02,1.580466270446777344e+00,-1.130723875997517780e+00,0.000000000000000000e+00
-4.399519041180610657e-02,1.579289078712463379e+00,-4.231355952014428379e-01,3.000000000000000000e+00
-4.551668092608451843e-02,1.577536582946777344e+00,-5.010402285670909617e-01,3.000000000000000000e+00
-4.712562635540962219e-02,1.575153827667236328e+00,-2.964220841304238352e+00,1.000000000000000000e+00
-4.874105378985404968e-02,1.573074102401733398e+00,-4.156343201143954391e-01,2.000000000000000000e+00
-5.028047412633895874e-02,1.570417046546936035e+00,-1.021641972227995465e+00,3.000000000000000000e+00
-5.181999132037162781e-02,1.567160844802856445e+00,-2.059772649247776144e+00,0.000000000000000000e+00
-5.359773710370063782e-02,1.563795924186706543e+00,-2.658883469345556527e+00,2.000000000000000000e+00
-5.532092973589897156e-02,1.559867620468139648e+00,-1.254327993596944024e+00,3.000000000000000000e+00
-5.713520199060440063e-02,1.555288553237915039e+00,-3.222615723082070449e+00,1.000000000000000000e+00
-5.904044955968856812e-02,1.550739288330078125e+00,-1.137743297973418111e+00,2.000000000000000000e+00
-6.094579771161079407e-02,1.545590639114379883e+00,-2.204108482769242983e+00,0.000000000000000000e+00
-6.285123527050018311e-02,1.539842844009399414e+00,-2.244210148786351056e+00,0.000000000000000000e+00
-6.481523811817169189e-02,1.533452510833740234e+00,-3.081024842289137755e+00,1.000000000000000000e+00
-6.677941977977752686e-02,1.526463031768798828e+00,-2.419908632170319152e+00,0.000000000000000000e+00
-6.874389946460723877e-02,1.518874764442443848e+00,-2.417818270239479261e+00,0.000000000000000000e+00
-7.075424492359161377e-02,1.511507987976074219e+00,-1.065725345317786177e-02,2.000000000000000000e+00
-7.276477664709091187e-02,1.503542661666870117e+00,-2.468099098690828441e+00,0.000000000000000000e+00
-7.471094280481338501e-02,1.495029926300048828e+00,-1.654937497882456254e+00,3.000000000000000000e+00
-7.665739208459854126e-02,1.485918164253234863e+00,-2.259511324597212933e+00,0.000000000000000000e+00
-7.853002846240997314e-02,1.476261615753173828e+00,-1.382846346995818321e+00,3.000000000000000000e+00
-8.040285110473632812e-02,1.466005444526672363e+00,-2.001293713067127555e+00,0.000000000000000000e+00
-8.264522254467010498e-02,1.455843091011047363e+00,-9.246931918731207123e-01,2.000000000000000000e+00
-8.508863300085067749e-02,1.445555448532104492e+00,-1.169527322653482360e+00,2.000000000000000000e+00
-8.753214031457901001e-02,1.434667944908142090e+00,-1.758539974538336992e+00,0.000000000000000000e+00
-8.997573703527450562e-02,1.423180699348449707e+00,-1.726534728805603436e+00,0.000000000000000000e+00
-9.284143149852752686e-02,1.412232160568237305e+00,4.571871772414340396e-01,2.000000000000000000e+00
-9.577760845422744751e-02,1.400645375251770020e+00,-2.476154562820112037e+00,1.000000000000000000e+00
-9.871397167444229126e-02,1.388459205627441406e+00,-1.764611412166118498e+00,0.000000000000000000e+00
-1.017339676618576050e-01,1.375618577003479004e+00,-2.774768758609865049e+00,1.000000000000000000e+00
-1.049038916826248169e-01,1.363245487213134766e+00,9.585870763253978577e-01,2.000000000000000000e+00
-1.080175414681434631e-01,1.350302934646606445e+00,-1.380929783123234555e+00,3.000000000000000000e+00
-1.115805655717849731e-01,1.338175296783447266e+00,7.990828491445369774e-01,2.000000000000000000e+00
-1.150579452514648438e-01,1.325505495071411133e+00,-7.365066780872371321e-01,3.000000000000000000e+00
-1.184681877493858337e-01,1.312299847602844238e+00,-6.310654701024123181e-01,3.000000000000000000e+00
-1.218784302473068237e-01,1.298494338989257812e+00,-1.324913531752144991e+00,0.000000000000000000e+00
-1.253507584333419800e-01,1.284026503562927246e+00,-2.199810026664322127e+00,1.000000000000000000e+00
-1.290374696254730225e-01,1.269733309745788574e+00,9.804095466598711228e-02,2.000000000000000000e+00
-1.326753646135330200e-01,1.254890322685241699e+00,-7.753423326566906137e-01,3.000000000000000000e+00
-1.362551748752593994e-01,1.239499092102050781e+00,-5.146460784730482185e-01,3.000000000000000000e+00
-1.399144232273101807e-01,1.223451375961303711e+00,-2.072312647285797116e+00,1.000000000000000000e+00
-1.435050070285797119e-01,1.206865429878234863e+00,-3.580553138212951847e-01,3.000000000000000000e+00
-1.471564322710037231e-01,1.189624547958374023e+00,-1.831174082026136629e+00,1.000000000000000000e+00
-1.512164175510406494e-01,1.172914385795593262e+00,1.062029949264353901e+00,2.000000000000000000e+00
-1.552764922380447388e-01,1.155604481697082520e+00,-1.144117661832865451e+00,0.000000000000000000e+00
-1.594026535749435425e-01,1.137634396553039551e+00,-2.034570615869510934e+00,1.000000000000000000e+00
-1.635290086269378662e-01,1.119064688682556152e+00,-1.265517112407678724e+00,0.000000000000000000e+00
-1.677252799272537231e-01,1.099832534790039062e+00,-2.189999749933262851e+00,1.000000000000000000e+00
-1.720208227634429932e-01,1.080642700195312500e+00,2.404029141344608544e-01,2.000000000000000000e+00
-1.765964478254318237e-01,1.061699390411376953e+00,1.337022591801655946e-01,2.000000000000000000e+00
-1.812197715044021606e-01,1.042101740837097168e+00,-2.240571956921341812e+00,1.000000000000000000e+00
-1.858436614274978638e-01,1.021905422210693359e+00,-1.606913218060981308e+00,0.000000000000000000e+00
-1.904683113098144531e-01,1.001110553741455078e+00,-1.569559459968047577e+00,0.000000000000000000e+00
-1.953881233930587769e-01,9.803193807601928711e-01,-8.633202744193113620e-01,2.000000000000000000e+00
-2.002358883619308472e-01,9.590145945549011230e-01,-4.282818839382389609e-01,3.000000000000000000e+00
-2.054419517517089844e-01,9.378601908683776855e-01,-3.519706297446873466e-01,2.000000000000000000e+00
-2.106483429670333862e-01,9.161065816879272461e-01,-1.224727898862681741e+00,0.000000000000000000e+00
-2.158552110195159912e-01,8.937538266181945801e-01,-1.191744696376531465e+00,0.000000000000000000e+00
-2.209847420454025269e-01,8.708796501159667969e-01,-8.026356863828595922e-02,3.000000000000000000e+00
-2.261701077222824097e-01,8.473520278930664062e-01,-1.686425170790612382e+00,1.000000000000000000e+00
-2.313001155853271484e-01,8.232790827751159668e-01,-2.770215737054104732e-01,3.000000000000000000e+00
-2.363871037960052490e-01,7.986665964126586914e-01,-1.350748691518492695e-01,3.000000000000000000e+00
-2.415428161621093750e-01,7.733852863311767578e-01,-1.612067590390408922e+00,1.000000000000000000e+00
-2.466300427913665771e-01,7.475966215133666992e-01,2.520646743658130351e-01,3.000000000000000000e+00
-2.516622543334960938e-01,7.212737798690795898e-01,2.531957539285667469e-01,3.000000000000000000e+00
-2.571699619293212891e-01,6.952702403068542480e-01,1.027204010569118919e+00,2.000000000000000000e+00
-2.630589604377746582e-01,6.694316267967224121e-01,5.881979238964845091e-01,2.000000000000000000e+00
-2.688946127891540527e-01,6.430744528770446777e-01,4.926136515400980631e-01,3.000000000000000000e+00
-2.750795483589172363e-01,6.166311502456665039e-01,-6.244554572008381710e-02,2.000000000000000000e+00
-2.812153398990631104e-01,5.896468758583068848e-01,5.424376319167845129e-01,3.000000000000000000e+00
-2.873511910438537598e-01,5.620627999305725098e-01,-2.535104057875514627e-02,0.000000000000000000e+00
-2.937386035919189453e-01,5.347119569778442383e-01,1.612395726833778964e+00,2.000000000000000000e+00
-3.005726933479309082e-01,5.072163343429565430e-01,-7.494617158603091855e-01,2.000000000000000000e+00
-3.078639507293701172e-01,4.802612662315368652e-01,1.415334758161304718e+00,2.000000000000000000e+00
-3.155879080295562744e-01,4.532268941402435303e-01,-9.047782899277649893e-01,2.000000000000000000e+00
-3.232486248016357422e-01,4.256620109081268311e-01,6.194592781403411852e-01,3.000000000000000000e+00
-3.309756219387054443e-01,3.974137008190155029e-01,-1.318455152382425721e+00,1.000000000000000000e+00
-3.387578427791595459e-01,3.684825301170349121e-01,-1.536540427658535490e+00,1.000000000000000000e+00
-3.465999066829681396e-01,3.388913273811340332e-01,-1.749216930258198799e+00,1.000000000000000000e+00
-3.544420301914215088e-01,3.087003827095031738e-01,-1.144341386622443224e+00,0.000000000000000000e+00
-3.623467385768890381e-01,2.778228521347045898e-01,-2.391929485762402496e+00,1.000000000000000000e+00
-3.701845705509185791e-01,2.464395165443420410e-01,-5.637256289101333362e-01,3.000000000000000000e+00
-3.780712485313415527e-01,2.144065052270889282e-01,-2.374314638870116401e+00,1.000000000000000000e+00
-3.859580457210540771e-01,1.817736774682998657e-01,7.997796070265451363e+00,0.000000000000000000e+00
-3.936126232147216797e-01,1.560807526111602783e-01,2.848911799226705099e+01,2.000000000000000000e+00
-4.025085866451263428e-01,1.320981532335281372e-01,-1.000000000000000000e+02,2.000000000000000000e+00
-3.178405808284878731e-03,1.423237562179565430e+00,-5.312015096853303753e+00,2.000000000000000000e+00
-4.932403564453125000e-03,1.429272770881652832e+00,6.381832438317769363e-01,1.000000000000000000e+00
-6.563282106071710587e-03,1.435510993003845215e+00,-1.461970125693045519e+00,2.000000000000000000e+00
-8.118915371596813202e-03,1.441142559051513672e+00,1.981914640678270390e+00,3.000000000000000000e+00
-9.775924496352672577e-03,1.447168588638305664e+00,-3.073092022087467790e+00,2.000000000000000000e+00
-1.134052313864231110e-02,1.452601432800292969e+00,2.334281332603241221e+00,3.000000000000000000e+00
-1.297674141824245453e-02,1.458874702453613281e+00,-4.381148711780229910e+00,2.000000000000000000e+00
-1.471385918557643890e-02,1.465626835823059082e+00,-3.168023638211013626e+00,2.000000000000000000e+00
-1.638546027243137360e-02,1.471773862838745117e+00,2.387418150026805019e+00,3.000000000000000000e+00
-1.792364194989204407e-02,1.478832960128784180e+00,-3.741623553189884710e+00,2.000000000000000000e+00
-1.946058310568332672e-02,1.486631274223327637e+00,-3.834726133376409329e+00,2.000000000000000000e+00
-2.099733427166938782e-02,1.493829727172851562e+00,1.935893218922075221e+00,0.000000000000000000e+00
-2.255887910723686218e-02,1.501515388488769531e+00,-3.112235532522691805e+00,2.000000000000000000e+00
-2.412052080035209656e-02,1.508600711822509766e+00,1.464718127858361640e+00,0.000000000000000000e+00
-2.560367621481418610e-02,1.515096902847290039e+00,1.665340069195481165e+00,3.000000000000000000e+00
-2.717885933816432953e-02,1.521005153656005859e+00,9.149584903757681520e-01,1.000000000000000000e+00
-2.884464338421821594e-02,1.526316165924072266e+00,1.069921433154150892e+00,1.000000000000000000e+00
-3.051033057272434235e-02,1.531026959419250488e+00,1.681863372973140258e+00,0.000000000000000000e+00
-3.217601776123046875e-02,1.535137772560119629e+00,1.638054644916309144e+00,0.000000000000000000e+00
-3.384170681238174438e-02,1.538648605346679688e+00,1.566561597439459774e+00,0.000000000000000000e+00
-3.553762286901473999e-02,1.542571783065795898e+00,-2.177833004638659808e+00,2.000000000000000000e+00
-3.732500225305557251e-02,1.545896768569946289e+00,8.198905210055340564e-01,1.000000000000000000e+00
-3.911247104406356812e-02,1.548621892929077148e+00,1.545474742944861646e+00,0.000000000000000000e+00
-4.089994356036186218e-02,1.550747156143188477e+00,1.379486565179178115e+00,0.000000000000000000e+00
-4.268751293420791626e-02,1.552250862121582031e+00,1.108917298421260966e+00,0.000000000000000000e+00
-4.441375657916069031e-02,1.553150773048400879e+00,1.302046559742849441e+00,3.000000000000000000e+00
-4.604921489953994751e-02,1.553447246551513672e+00,1.583418554371065712e+00,3.000000000000000000e+00
-4.759559780359268188e-02,1.553146600723266602e+00,7.364305379506401739e-01,3.000000000000000000e+00
-4.924345016479492188e-02,1.553603291511535645e+00,-1.804095954154991022e+00,2.000000000000000000e+00
-5.089120939373970032e-02,1.553460359573364258e+00,-2.954523897796264009e-01,0.000000000000000000e+00
-5.271072313189506531e-02,1.553915262222290039e+00,-2.587858950735113517e+00,2.000000000000000000e+00
-5.445947498083114624e-02,1.553780794143676758e+00,2.861588358853179859e-01,3.000000000000000000e+00
-5.628919601440429688e-02,1.553039073944091797e+00,-1.747849107876560337e+00,1.000000000000000000e+00
-5.811891704797744751e-02,1.551697731018066406e+00,-1.020408440271438621e+00,0.000000000000000000e+00
-5.987377092242240906e-02,1.549756169319152832e+00,-6.798557607511941381e-01,3.000000000000000000e+00
-6.171445921063423157e-02,1.547230482101440430e+00,-2.453913479392524355e+00,1.000000000000000000e+00
-6.363554298877716064e-02,1.544115781784057617e+00,-2.274097766409737265e+00,1.000000000000000000e+00
-6.555671989917755127e-02,1.540401339530944824e+00,-1.547787560194223033e+00,0.000000000000000000e+00
-6.738100200891494751e-02,1.536079049110412598e+00,-1.114118043941316527e+00,3.000000000000000000e+00
-6.913919746875762939e-02,1.531148195266723633e+00,-1.741444385847073617e+00,3.000000000000000000e+00
-7.089738547801971436e-02,1.525617718696594238e+00,-2.268441606385607656e+00,0.000000000000000000e+00
-7.257910072803497314e-02,1.519469261169433594e+00,-2.092224055781967795e+00,3.000000000000000000e+00
-7.409582287073135376e-02,1.514167189598083496e+00,3.465922306818339571e+00,2.000000000000000000e+00
-7.553186267614364624e-02,1.508267879486083984e+00,-2.301712875123284707e+00,3.000000000000000000e+00
-7.705392688512802124e-02,1.501785993576049805e+00,-2.975209926979799580e+00,1.000000000000000000e+00
-7.852105796337127686e-02,1.496222257614135742e+00,3.305044517698303430e+00,2.000000000000000000e+00
-7.992772758007049561e-02,1.491356134414672852e+00,2.333543756732137986e+00,2.000000000000000000e+00
-8.133439719676971436e-02,1.485890865325927734e+00,-2.604163740837861951e+00,0.000000000000000000e+00
-8.250427246093750000e-02,1.480847597122192383e+00,2.156347976730399019e+00,2.000000000000000000e+00
-8.374691009521484375e-02,1.475217819213867188e+00,-2.785064636133255167e+00,1.000000000000000000e+00
-8.491516113281250000e-02,1.468969106674194336e+00,-2.356570321146249203e+00,3.000000000000000000e+00
-8.612127602100372314e-02,1.463126301765441895e+00,9.847607567216811741e-01,2.000000000000000000e+00
-8.732728660106658936e-02,1.456684350967407227e+00,-2.662335661842718082e+00,0.000000000000000000e+00
-8.853320777416229248e-02,1.449643373489379883e+00,-2.633481919621431189e+00,0.000000000000000000e+00
-8.973903954029083252e-02,1.442003369331359863e+00,-2.598212183775302719e+00,0.000000000000000000e+00
-9.101247787475585938e-02,1.433775186538696289e+00,-2.607216045734360055e+00,1.000000000000000000e+00
-9.228591620922088623e-02,1.424947619438171387e+00,-2.327195100482867929e+00,0.000000000000000000e+00
-9.349556267261505127e-02,1.415506243705749512e+00,-2.343510587825589742e+00,3.000000000000000000e+00
-9.464244544506072998e-02,1.405441045761108398e+00,-2.544373656445598986e+00,3.000000000000000000e+00
-9.561128914356231689e-02,1.395559906959533691e+00,8.894932512098818744e-01,2.000000000000000000e+00
-9.651279449462890625e-02,1.385067701339721680e+00,-2.669734890547515338e+00,3.000000000000000000e+00
-9.717407077550888062e-02,1.375014543533325195e+00,1.875367382994522769e+00,2.000000000000000000e+00
-9.775247424840927124e-02,1.364343762397766113e+00,-2.937268781161917364e+00,3.000000000000000000e+00
-9.833059459924697876e-02,1.353075027465820312e+00,-2.843310579822684758e+00,0.000000000000000000e+00
-9.890814125537872314e-02,1.341208457946777344e+00,-2.784929546830255731e+00,0.000000000000000000e+00
-9.948539733886718750e-02,1.328744292259216309e+00,-2.726425678530119967e+00,0.000000000000000000e+00
-9.998998790979385376e-02,1.316222906112670898e+00,-5.913937457089446514e-01,2.000000000000000000e+00
-1.004131287336349487e-01,1.303074836730957031e+00,-3.039638346764489629e+00,3.000000000000000000e+00
-1.004742607474327087e-01,1.290191292762756348e+00,7.567763042953685737e-01,2.000000000000000000e+00
-1.004650145769119263e-01,1.276682972908020020e+00,-3.183354913831122790e+00,3.000000000000000000e+00
-1.002036109566688538e-01,1.263606667518615723e+00,1.130515035475622154e+00,2.000000000000000000e+00
-1.000198349356651306e-01,1.249982476234436035e+00,-2.426054893462405548e+00,1.000000000000000000e+00
-9.949950873851776123e-02,1.236398220062255859e+00,-3.780326273387288327e-01,2.000000000000000000e+00
-9.897871315479278564e-02,1.222216248512268066e+00,-2.593581513516483028e+00,0.000000000000000000e+00
-9.851694107055664062e-02,1.207488298416137695e+00,-2.036656668651430468e+00,1.000000000000000000e+00
-9.805478900671005249e-02,1.192161917686462402e+00,-2.300996285217735249e+00,0.000000000000000000e+00
-9.752273559570312500e-02,1.176188468933105469e+00,-2.821779876886095995e+00,3.000000000000000000e+00
-9.691619873046875000e-02,1.159556984901428223e+00,-3.050488731305533552e+00,3.000000000000000000e+00
-9.624872356653213501e-02,1.142277956008911133e+00,-3.105039888110609159e+00,3.000000000000000000e+00
-9.525470435619354248e-02,1.125432848930358887e+00,1.051969763694682980e+00,2.000000000000000000e+00
-9.431924670934677124e-02,1.108032822608947754e+00,-2.206179823623158232e+00,1.000000000000000000e+00
-9.301519393920898438e-02,1.091364502906799316e+00,2.253366592799818768e+00,2.000000000000000000e+00
-9.165239334106445312e-02,1.074034929275512695e+00,-3.282817603511914317e+00,3.000000000000000000e+00
-9.034042060375213623e-02,1.056166052818298340e+00,-2.123550247161033244e+00,1.000000000000000000e+00
-8.870144188404083252e-02,1.038181662559509277e+00,-1.286209192114301958e+00,2.000000000000000000e+00
-8.700332790613174438e-02,1.019532203674316406e+00,-3.156976167484940365e+00,3.000000000000000000e+00
-8.524446189403533936e-02,1.000240206718444824e+00,-3.167529786547076842e+00,3.000000000000000000e+00
-8.355236053466796875e-02,9.804167747497558594e-01,-1.916860235563517589e+00,1.000000000000000000e+00
-8.126115798950195312e-02,9.607912898063659668e-01,-5.875366254418736833e-01,2.000000000000000000e+00
-7.845430076122283936e-02,9.419376254081726074e-01,1.466761399404998611e+00,2.000000000000000000e+00
-7.570085674524307251e-02,9.225425720214843750e-01,-1.695184286307606980e+00,1.000000000000000000e+00
-7.287740707397460938e-02,9.024578928947448730e-01,-3.210424308910005298e+00,3.000000000000000000e+00
-6.962414085865020752e-02,8.828361630439758301e-01,1.587565116642054019e-01,2.000000000000000000e+00
-6.631679832935333252e-02,8.625592589378356934e-01,-3.175989591429611014e+00,3.000000000000000000e+00
-6.306209415197372437e-02,8.417621850967407227e-01,-1.698572189534529597e+00,1.000000000000000000e+00
-5.926609039306640625e-02,8.210453391075134277e-01,-1.734427735825750050e+00,2.000000000000000000e+00
-5.550680309534072876e-02,7.997961044311523438e-01,-1.535418352743902259e+00,1.000000000000000000e+00
-5.097961425781250000e-02,7.790232300758361816e-01,-1.154247665891705354e+00,2.000000000000000000e+00
-4.650153964757919312e-02,7.577214837074279785e-01,-1.145727128696562458e+00,1.000000000000000000e+00
-4.202175140380859375e-02,7.358216643333435059e-01,-1.718874137892044018e+00,0.000000000000000000e+00
-3.704862669110298157e-02,7.140119075775146484e-01,-1.462306847445904667e+00,2.000000000000000000e+00
-3.207397460937500000e-02,6.916042566299438477e-01,-1.644789996515385155e+00,0.000000000000000000e+00
-2.704439125955104828e-02,6.684947609901428223e-01,-2.732424517634710615e+00,3.000000000000000000e+00
-2.120571210980415344e-02,6.455070376396179199e-01,-3.030187887063777730e+00,2.000000000000000000e+00
-1.541605032980442047e-02,6.220195889472961426e-01,-6.493144423773447027e-01,1.000000000000000000e+00
-9.659672155976295471e-03,5.980154871940612793e-01,-6.071096946356238089e-01,1.000000000000000000e+00
-3.937721252441406250e-03,5.734872221946716309e-01,-4.224869514220290778e-01,1.000000000000000000e+00
1.785182976163923740e-03,5.483599305152893066e-01,-9.545643588105008348e-01,0.000000000000000000e+00
7.508945651352405548e-03,5.226334333419799805e-01,-9.126448060500820247e-01,0.000000000000000000e+00
1.326694525778293610e-02,4.962340593338012695e-01,-1.659008835058471076e+00,3.000000000000000000e+00
1.902618445456027985e-02,4.692358076572418213e-01,-1.005584295401831696e+00,0.000000000000000000e+00
2.483167685568332672e-02,4.415285289287567139e-01,-2.091291679152532001e+00,3.000000000000000000e+00
3.067483939230442047e-02,4.131127595901489258e-01,-2.247321553019075768e+00,3.000000000000000000e+00
3.648061677813529968e-02,3.842173814773559570e-01,-3.070622204830601998e-01,1.000000000000000000e+00
4.232702404260635376e-02,3.546026945114135742e-01,-2.255276945589882676e+00,3.000000000000000000e+00
4.814558103680610657e-02,3.244914412498474121e-01,-4.349321514881399064e-01,1.000000000000000000e+00
5.396604537963867188e-02,2.937816381454467773e-01,-1.095408424265997382e+00,0.000000000000000000e+00
6.038770824670791626e-02,2.627715170383453369e-01,-2.580794055930527797e+00,2.000000000000000000e+00
6.684436649084091187e-02,2.310454994440078735e-01,-2.167351372563671053e+00,3.000000000000000000e+00
7.333908230066299438e-02,1.986059248447418213e-01,-2.477149935427887417e+00,3.000000000000000000e+00
7.980489730834960938e-02,1.656784862279891968e-01,-7.437228218041400662e-01,1.000000000000000000e+00
8.627357333898544312e-02,1.321528702974319458e-01,-1.662895543839908896e+00,0.000000000000000000e+00
9.351186454296112061e-02,9.869414567947387695e-02,-3.001788722077367133e+00,2.000000000000000000e+00
1.010981574654579163e-01,6.501296162605285645e-02,6.862237539343948534e+00,2.000000000000000000e+00
1.098887473344802856e-01,4.897078126668930054e-02,1.934744514436491158e+01,3.000000000000000000e+00
1.196683868765830994e-01,3.142799064517021179e-02,-2.781813161888821995e+01,2.000000000000000000e+00
1.298095732927322388e-01,1.312280632555484772e-02,-2.340578876053987756e+01,3.000000000000000000e+00
1.397029906511306763e-01,8.222089149057865143e-03,-1.000000000000000000e+02,1.000000000000000000e+00
-1.504144631326198578e-02,1.387335538864135742e+00,-9.719920808282608848e-02,3.000000000000000000e+00
-2.252512052655220032e-02,1.374652743339538574e+00,-9.837244835255773978e-01,0.000000000000000000e+00
-3.006725385785102844e-02,1.362481474876403809e+00,1.137496224074351359e+00,2.000000000000000000e+00
-3.760967403650283813e-02,1.349710583686828613e+00,-9.613368767590770858e-01,0.000000000000000000e+00
-4.507102817296981812e-02,1.336339950561523438e+00,2.464173599551713889e-02,3.000000000000000000e+00
-5.247106403112411499e-02,1.322377443313598633e+00,-9.474008278373274861e-03,3.000000000000000000e+00
-5.996074527502059937e-02,1.307797193527221680e+00,-1.757691080434567565e+00,1.000000000000000000e+00
-6.736660003662109375e-02,1.292632937431335449e+00,2.233768225703738619e-01,3.000000000000000000e+00
-7.477245479822158813e-02,1.276868700981140137e+00,-5.785079766403100621e-01,0.000000000000000000e+00
-8.225812762975692749e-02,1.260497331619262695e+00,-1.534642708175765646e+00,1.000000000000000000e+00
-8.968286216259002686e-02,1.243542313575744629e+00,-1.243970873238595121e-02,3.000000000000000000e+00
-9.718284755945205688e-02,1.225973367691040039e+00,-1.486835719710113635e+00,1.000000000000000000e+00
-1.047542542219161987e-01,1.207790374755859375e+00,-1.598163270554123327e+00,1.000000000000000000e+00
-1.122626289725303650e-01,1.189008235931396484e+00,-2.000150354296852118e-01,3.000000000000000000e+00
-1.198525428771972656e-01,1.169609546661376953e+00,-1.671248514863946211e+00,1.000000000000000000e+00
-1.274425536394119263e-01,1.149611473083496094e+00,-8.653689877812666964e-01,0.000000000000000000e+00
-1.351192444562911987e-01,1.129010915756225586e+00,-1.805965347959640921e+00,1.000000000000000000e+00
-1.430209130048751831e-01,1.108683466911315918e+00,2.101965519396003512e-01,2.000000000000000000e+00
-1.510763168334960938e-01,1.088635444641113281e+00,6.366479619033611481e-01,2.000000000000000000e+00
-1.592224091291427612e-01,1.067974567413330078e+00,-1.993162293164487009e+00,1.000000000000000000e+00
-1.673689782619476318e-01,1.046715140342712402e+00,-1.115947219598751872e+00,0.000000000000000000e+00
-1.757181137800216675e-01,1.025448679924011230e+00,-6.850055312141194452e-01,2.000000000000000000e+00
-1.841401159763336182e-01,1.003557324409484863e+00,-1.943815834603667581e+00,1.000000000000000000e+00
-1.926259100437164307e-01,9.810426235198974609e-01,-1.994146301880475702e+00,1.000000000000000000e+00
-2.011045962572097778e-01,9.579216837882995605e-01,-1.369998506466259869e+00,0.000000000000000000e+00
-2.095502316951751709e-01,9.352994561195373535e-01,2.133331457436082879e+00,2.000000000000000000e+00
-2.180757075548171997e-01,9.120437502861022949e-01,-2.464951140481416392e+00,1.000000000000000000e+00
-2.266608774662017822e-01,8.881673812866210938e-01,-2.380982815977459754e+00,1.000000000000000000e+00
-2.353119403123855591e-01,8.636730313301086426e-01,-2.569243584043418682e+00,1.000000000000000000e+00
-2.439183294773101807e-01,8.393311500549316406e-01,4.587869976199499544e-01,2.000000000000000000e+00
-2.524503171443939209e-01,8.144273757934570312e-01,-1.119276429331334866e+00,3.000000000000000000e+00
-2.609832882881164551e-01,7.889280915260314941e-01,-1.821748348620644720e+00,0.000000000000000000e+00
-2.695882916450500488e-01,7.627955079078674316e-01,-2.748424984989439768e+00,1.000000000000000000e+00
-2.781946063041687012e-01,7.360684275627136230e-01,-2.000599020608262890e+00,0.000000000000000000e+00
-2.867414355278015137e-01,7.087729573249816895e-01,-1.293839822355237201e+00,3.000000000000000000e+00
-2.952156960964202881e-01,6.809358000755310059e-01,-8.816088176521634789e-01,3.000000000000000000e+00
-3.036209046840667725e-01,6.525425314903259277e-01,-7.937405538757207335e-01,3.000000000000000000e+00
-3.119499087333679199e-01,6.236009001731872559e-01,-5.131135224303011722e-01,3.000000000000000000e+00
-3.201956748962402344e-01,5.941293239593505859e-01,-1.620169259349199808e-01,3.000000000000000000e+00
-3.284417986869812012e-01,5.640591979026794434e-01,-1.060990081147394903e+00,0.000000000000000000e+00
-3.366150259971618652e-01,5.334416627883911133e-01,-1.805581085079938919e-01,3.000000000000000000e+00
-3.447884917259216309e-01,5.022249817848205566e-01,-9.374509323172901532e-01,0.000000000000000000e+00
-3.529622554779052734e-01,4.704089760780334473e-01,-9.988461747952896985e-01,0.000000000000000000e+00
-3.610695302486419678e-01,4.380406439304351807e-01,-2.575530994589871892e-01,3.000000000000000000e+00
-3.691161572933197021e-01,4.051090478897094727e-01,-2.713074593908959553e-01,3.000000000000000000e+00
-3.770992159843444824e-01,3.716338872909545898e-01,-8.547669028453583340e-02,3.000000000000000000e+00
-3.851470351219177246e-01,3.374997377395629883e-01,-1.769734988382508645e+00,1.000000000000000000e+00
-3.936865925788879395e-01,3.038644790649414062e-01,3.662262951056732274e-01,2.000000000000000000e+00
-4.022828042507171631e-01,2.695926427841186523e-01,-2.149793560358004729e+00,1.000000000000000000e+00
-4.109427928924560547e-01,2.346718460321426392e-01,-2.650691673031444484e+00,1.000000000000000000e+00
-4.195159077644348145e-01,1.992118954658508301e-01,8.855579180649359117e+00,3.000000000000000000e+00
-4.279506802558898926e-01,1.639185249805450439e-01,-1.870634288521926036e+00,1.000000000000000000e+00
-4.271427094936370850e-01,1.680358201265335083e-01,-1.000000000000000000e+02,2.000000000000000000e+00
-4.131889436393976212e-03,1.412298440933227539e+00,-1.080876202176965561e+00,1.000000000000000000e+00
-6.297874264419078827e-03,1.412103056907653809e+00,-1.290991372422125805e+00,1.000000000000000000e+00
-8.346748538315296173e-03,1.412845373153686523e+00,-1.461579226211881521e-01,2.000000000000000000e+00
-1.047058124095201492e-02,1.412978291511535645e+00,-1.568449414031021005e+00,1.000000000000000000e+00
-1.259469985961914062e-02,1.412512183189392090e+00,-8.784593602790948808e-01,0.000000000000000000e+00
-1.462039910256862640e-02,1.412083387374877930e+00,-2.027261143617124506e-01,2.000000000000000000e+00
-1.672258414328098297e-02,1.411049962043762207e+00,-2.353215364894195805e+00,1.000000000000000000e+00
-1.874265633523464203e-02,1.409436225891113281e+00,-4.240076334465061603e-01,3.000000000000000000e+00
-2.085161209106445312e-02,1.408186912536621094e+00,-1.390030024138229736e+00,2.000000000000000000e+00
-2.314624749124050140e-02,1.407283306121826172e+00,-2.422143161228194508e+00,2.000000000000000000e+00
-2.550687827169895172e-02,1.405779480934143066e+00,-2.213982823203052508e+00,1.000000000000000000e+00
-2.798795700073242188e-02,1.404486775398254395e+00,-1.993911573647653812e+00,2.000000000000000000e+00
-3.046951256692409515e-02,1.402594923973083496e+00,-1.438629974406040901e+00,0.000000000000000000e+00
-3.304109722375869751e-02,1.401165962219238281e+00,-1.362097591795122797e+00,2.000000000000000000e+00
-3.561305999755859375e-02,1.399137735366821289e+00,-1.452365704777548672e+00,0.000000000000000000e+00
-3.811226040124893188e-02,1.396528482437133789e+00,-5.857436852012927186e-01,3.000000000000000000e+00
-4.061164706945419312e-02,1.393319725990295410e+00,-1.604004298482436752e+00,0.000000000000000000e+00
-4.319715499877929688e-02,1.390512108802795410e+00,-6.985816646818705511e-01,2.000000000000000000e+00
-4.598598554730415344e-02,1.387816905975341797e+00,-2.291286643542082224e+00,2.000000000000000000e+00
-4.890479892492294312e-02,1.385222673416137695e+00,-1.691648989535582404e+00,2.000000000000000000e+00
-5.172929912805557251e-02,1.382685422897338867e+00,1.360135382956684791e-01,2.000000000000000000e+00
-5.454807355999946594e-02,1.380513072013854980e+00,-2.944909280221736370e-01,2.000000000000000000e+00
-5.769653245806694031e-02,1.379224061965942383e+00,-3.021244981946114017e+00,2.000000000000000000e+00
-6.075363233685493469e-02,1.377364277839660645e+00,2.700625239356793106e-01,3.000000000000000000e+00
-6.380815804004669189e-02,1.374883651733398438e+00,-1.013975581122991798e+00,0.000000000000000000e+00
-6.686277687549591064e-02,1.371803283691406250e+00,-1.146192676162314683e+00,0.000000000000000000e+00
-6.997585296630859375e-02,1.368106842041015625e+00,-2.136104834773048911e+00,1.000000000000000000e+00
-7.308892905712127686e-02,1.363810896873474121e+00,-1.493378427786467455e+00,0.000000000000000000e+00
-7.620210945606231689e-02,1.358915567398071289e+00,-1.574944484640269593e+00,0.000000000000000000e+00
-7.931537926197052002e-02,1.353420495986938477e+00,-1.641295614152085136e+00,0.000000000000000000e+00
-8.249435573816299438e-02,1.347315073013305664e+00,-2.563644098799186199e+00,1.000000000000000000e+00
-8.567352592945098877e-02,1.340610384941101074e+00,-1.876200862392067847e+00,0.000000000000000000e+00
-8.919124305248260498e-02,1.334624171257019043e+00,-9.565201148084157001e-01,2.000000000000000000e+00
-9.276981651782989502e-02,1.328017234802246094e+00,-2.576243563702375727e+00,1.000000000000000000e+00
-9.634847939014434814e-02,1.320811271667480469e+00,-1.891662362877127634e+00,0.000000000000000000e+00
-1.002503409981727600e-01,1.313903093338012695e+00,-2.021411487023686782e+00,2.000000000000000000e+00
-1.044892296195030212e-01,1.307854413986206055e+00,-1.042609183164887598e+00,2.000000000000000000e+00
-1.086591705679893494e-01,1.301227569580078125e+00,-6.642807632499614368e-01,3.000000000000000000e+00
-1.129224747419357300e-01,1.293972730636596680e+00,-2.778580848194052155e+00,1.000000000000000000e+00
-1.171041503548622131e-01,1.286164283752441406e+00,-5.671200460167244994e-01,3.000000000000000000e+00
-1.211943626403808594e-01,1.277806043624877930e+00,-2.655493019015853218e-01,3.000000000000000000e+00
-1.251941621303558350e-01,1.268898010253906250e+00,-9.186350567188014682e-02,3.000000000000000000e+00
-1.292199194431304932e-01,1.260066032409667969e+00,4.004346593488151140e-01,2.000000000000000000e+00
-1.331689804792404175e-01,1.250670671463012695e+00,-1.508702830733443523e-01,3.000000000000000000e+00
-1.371775567531585693e-01,1.240657806396484375e+00,-1.715965370187034322e+00,1.000000000000000000e+00
-1.411126106977462769e-01,1.230084538459777832e+00,-1.558762908624646559e-01,3.000000000000000000e+00
-1.452843695878982544e-01,1.219851374626159668e+00,3.889642546522623090e-01,2.000000000000000000e+00
-1.495347917079925537e-01,1.208978176116943359e+00,-1.901571448615355875e+00,1.000000000000000000e+00
-1.537852287292480469e-01,1.197505235671997070e+00,-1.026837375211044900e+00,0.000000000000000000e+00
-1.580356657505035400e-01,1.185432076454162598e+00,-1.014009937938538997e+00,0.000000000000000000e+00
-1.622860878705978394e-01,1.172759056091308594e+00,-9.975262951636238995e-01,0.000000000000000000e+00
-1.666222512722015381e-01,1.159434318542480469e+00,-2.109776302857481856e+00,1.000000000000000000e+00
-1.708640158176422119e-01,1.145546674728393555e+00,-1.008844191586877048e-01,3.000000000000000000e+00
-1.752515733242034912e-01,1.131780505180358887e+00,5.177271272768393384e-01,2.000000000000000000e+00
-1.797761023044586182e-01,1.118928790092468262e+00,3.098072806528773704e+00,2.000000000000000000e+00
-1.843006163835525513e-01,1.105477094650268555e+00,-1.010928376096586589e+00,0.000000000000000000e+00
-1.891159117221832275e-01,1.092005491256713867e+00,-9.434001258942885659e-01,2.000000000000000000e+00
-1.938521414995193481e-01,1.077964305877685547e+00,4.516454008279538468e-02,3.000000000000000000e+00
-1.988758146762847900e-01,1.064740180969238281e+00,2.052486198734652767e+00,2.000000000000000000e+00
-2.042417973279953003e-01,1.051991820335388184e+00,3.476849812876821599e-01,2.000000000000000000e+00
-2.096798866987228394e-01,1.038617014884948730e+00,-1.530820855202761122e+00,1.000000000000000000e+00
-2.150279581546783447e-01,1.024694085121154785e+00,4.290234681708977593e-01,3.000000000000000000e+00
-2.203155010938644409e-01,1.010195970535278320e+00,2.209017166324269976e-01,3.000000000000000000e+00
-2.256793081760406494e-01,9.950557947158813477e-01,-1.351373777129792897e+00,1.000000000000000000e+00
-2.310430556535720825e-01,9.793154597282409668e-01,-5.113266598501127191e-01,0.000000000000000000e+00
-2.366525679826736450e-01,9.642559885978698730e-01,2.028844018361906087e+00,2.000000000000000000e+00
-2.423425614833831787e-01,9.485517144203186035e-01,-1.588117535880740006e+00,1.000000000000000000e+00
-2.481021881103515625e-01,9.322196841239929199e-01,-1.580974242642695371e+00,1.000000000000000000e+00
-2.538618147373199463e-01,9.152877330780029297e-01,-8.532249103392075540e-01,0.000000000000000000e+00
-2.599894106388092041e-01,8.989262580871582031e-01,6.364640849248075494e-01,2.000000000000000000e+00
-2.665244042873382568e-01,8.833524584770202637e-01,8.182881006620277287e-01,2.000000000000000000e+00
-2.731326520442962646e-01,8.671342730522155762e-01,-1.765486727120985533e+00,1.000000000000000000e+00
-2.797409594058990479e-01,8.503162264823913574e-01,-9.116564527533341789e-01,0.000000000000000000e+00
-2.863772511482238770e-01,8.339163661003112793e-01,1.754143027161160218e+00,2.000000000000000000e+00
-2.929394245147705078e-01,8.169524073600769043e-01,-7.568344770865451099e-02,3.000000000000000000e+00
-2.995921969413757324e-01,7.993422150611877441e-01,-2.029704355917685721e+00,1.000000000000000000e+00
-3.063304424285888672e-01,7.810921669006347656e-01,-2.165279685026489265e+00,1.000000000000000000e+00
-3.130688071250915527e-01,7.622429132461547852e-01,-1.253263932765463551e+00,0.000000000000000000e+00
-3.201581835746765137e-01,7.442556619644165039e-01,1.041400142819537633e+00,2.000000000000000000e+00
-3.272477090358734131e-01,7.256691455841064453e-01,-1.276188853543089863e+00,0.000000000000000000e+00
-3.343607783317565918e-01,7.070958018302917480e-01,1.907964016368851046e-01,2.000000000000000000e+00
-3.414739668369293213e-01,6.879229545593261719e-01,-1.354401636018110366e+00,0.000000000000000000e+00
-3.487709462642669678e-01,6.690874099731445312e-01,2.010751903951984443e-01,2.000000000000000000e+00
-3.561387658119201660e-01,6.496210098266601562e-01,-2.354288795958608294e+00,1.000000000000000000e+00
-3.636720180511474609e-01,6.304139494895935059e-01,-2.250674929588740159e-01,2.000000000000000000e+00
-3.712055683135986328e-01,6.106081008911132812e-01,-1.668993817392845358e+00,0.000000000000000000e+00
-3.787394464015960693e-01,5.902034640312194824e-01,-1.683822402787939154e+00,0.000000000000000000e+00
-3.862036168575286865e-01,5.692535042762756348e-01,-7.306947379968267153e-01,3.000000000000000000e+00
-3.940321803092956543e-01,5.488806366920471191e-01,-2.182957475395880809e-01,2.000000000000000000e+00
-4.018610119819641113e-01,5.279084444046020508e-01,-1.571611765550755990e+00,0.000000000000000000e+00
-4.097692966461181641e-01,5.062724947929382324e-01,-2.793929188138746245e+00,1.000000000000000000e+00
-4.176779687404632568e-01,4.840377569198608398e-01,-1.874278844472712535e+00,0.000000000000000000e+00
-4.256683290004730225e-01,4.611557126045227051e-01,-3.039389800608516712e+00,1.000000000000000000e+00
-4.336593747138977051e-01,4.376755058765411377e-01,-2.195109973331483388e+00,0.000000000000000000e+00
-4.419593214988708496e-01,4.141302108764648438e-01,-2.542895195169722733e+00,2.000000000000000000e+00
-4.501882493495941162e-01,3.900379836559295654e-01,-1.306977036114544743e+00,3.000000000000000000e+00
-4.584175944328308105e-01,3.653468489646911621e-01,-2.149534565417980048e+00,0.000000000000000000e+00
-4.666473269462585449e-01,3.400567770004272461e-01,-2.234879136525279364e+00,0.000000000000000000e+00
-4.749448299407958984e-01,3.141063451766967773e-01,-3.362465405027136089e+00,1.000000000000000000e+00
-4.831803441047668457e-01,2.876026332378387451e-01,-1.817187090421269913e+00,3.000000000000000000e+00
-4.914163053035736084e-01,2.605000734329223633e-01,-2.582161691765463729e+00,0.000000000000000000e+00
-4.997127652168273926e-01,2.327450066804885864e-01,-3.618668399017421766e+00,1.000000000000000000e+00
-5.080099105834960938e-01,2.043914943933486938e-01,-3.042889337937765504e+00,0.000000000000000000e+00
-5.162369012832641602e-01,1.755163222551345825e-01,-2.120703929202277127e+00,3.000000000000000000e+00
-5.245336890220642090e-01,1.459826976060867310e-01,-4.135413497452787190e+00,1.000000000000000000e+00
-5.327783226966857910e-01,1.159135699272155762e-01,7.316699672325484904e+00,3.000000000000000000e+00
-5.341755151748657227e-01,1.118165850639343262e-01,1.093626081643068346e+02,3.000000000000000000e+00
-5.367418527603149414e-01,1.070121377706527710e-01,-1.218572607765812066e+01,2.000000000000000000e+00
-5.391236543655395508e-01,1.030256599187850952e-01,-3.709480031263920896e+00,3.000000000000000000e+00
-5.420076251029968262e-01,9.829846024513244629e-02,-8.573726149995762214e+00,1.000000000000000000e+00
-5.458885431289672852e-01,9.443994611501693726e-02,1.971121890642223207e+00,0.000000000000000000e+00
-5.499292612075805664e-01,9.003818780183792114e-02,6.112720101275510576e-01,1.000000000000000000e+00
-5.539751648902893066e-01,8.521980047225952148e-02,2.974977885882425621e+00,3.000000000000000000e+00
-5.580344796180725098e-01,7.983456552028656006e-02,2.077338337511065447e+00,0.000000000000000000e+00
-5.616282820701599121e-01,7.632609456777572632e-02,-1.000000000000000000e+02,0.000000000000000000e+00
1.600837684236466885e-03,1.425440311431884766e+00,2.004063933473106740e+00,1.000000000000000000e+00
2.368831541389226913e-03,1.431815624237060547e+00,1.926510535673259028e+00,0.000000000000000000e+00
3.136730287224054337e-03,1.437590956687927246e+00,1.920387978179149968e+00,0.000000000000000000e+00
3.816700074821710587e-03,1.442763805389404297e+00,2.041848458304799774e+00,1.000000000000000000e+00
4.496669862419366837e-03,1.447336554527282715e+00,1.806941637950188806e+00,0.000000000000000000e+00
5.100154783576726913e-03,1.451305150985717773e+00,1.943521693197426403e+00,1.000000000000000000e+00
5.576229188591241837e-03,1.455506801605224609e+00,-1.823984870729293606e+00,2.000000000000000000e+00
5.882930941879749298e-03,1.459833621978759766e+00,-1.330929055220241297e+00,2.000000000000000000e+00
6.264400668442249298e-03,1.463573455810546875e+00,1.837744190861657190e+00,3.000000000000000000e+00
6.692409515380859375e-03,1.468114376068115234e+00,-4.516670131247241038e+00,2.000000000000000000e+00
7.028865627944469452e-03,1.472044348716735840e+00,2.039087245206333332e+00,1.000000000000000000e+00
7.365131285041570663e-03,1.475374698638916016e+00,1.869518257767566638e+00,0.000000000000000000e+00
7.765865419059991837e-03,1.478118300437927246e+00,1.769702407829244040e+00,3.000000000000000000e+00
8.257579989731311798e-03,1.480270862579345703e+00,1.734165337609000490e+00,3.000000000000000000e+00
8.650016970932483673e-03,1.482589483261108398e+00,-8.112012819600693536e-01,2.000000000000000000e+00
9.042548947036266327e-03,1.484308242797851562e+00,2.277298474396275196e+00,0.000000000000000000e+00
9.353542700409889221e-03,1.485421061515808105e+00,2.520611696479990282e+00,1.000000000000000000e+00
9.596538729965686798e-03,1.485924482345581055e+00,2.255477252767350560e+00,1.000000000000000000e+00
9.839248843491077423e-03,1.485827922821044922e+00,5.723619887904760617e-01,0.000000000000000000e+00
9.937000460922718048e-03,1.486523389816284180e+00,-1.733308941016946436e+00,2.000000000000000000e+00
1.011686306446790695e-02,1.486612558364868164e+00,1.269300744154635341e+00,3.000000000000000000e+00
1.019906997680664062e-02,1.486106753349304199e+00,-9.106457999405666026e-01,1.000000000000000000e+00
1.036128960549831390e-02,1.485000133514404297e+00,-2.905277825867783381e+00,3.000000000000000000e+00
1.052331924438476562e-02,1.483293533325195312e+00,-2.578481441435002353e+00,0.000000000000000000e+00
1.068620663136243820e-02,1.480965375900268555e+00,-2.648914871529598258e+00,0.000000000000000000e+00
1.084909401834011078e-02,1.478037238121032715e+00,-2.508156989167702022e+00,0.000000000000000000e+00
1.108770351856946945e-02,1.474508285522460938e+00,-2.408736097592394376e+00,3.000000000000000000e+00
1.141958218067884445e-02,1.470386862754821777e+00,-2.136136775684205791e+00,3.000000000000000000e+00
1.175146084278821945e-02,1.465665578842163086e+00,-1.881564080964068353e+00,0.000000000000000000e+00
1.208333950489759445e-02,1.460344314575195312e+00,-1.831248539850406587e+00,0.000000000000000000e+00
1.251106243580579758e-02,1.454428076744079590e+00,-1.728449090728701121e+00,3.000000000000000000e+00
1.299962960183620453e-02,1.448698997497558594e+00,1.448285703612907538e+00,2.000000000000000000e+00
1.348819769918918610e-02,1.442370176315307617e+00,-1.510496850615908215e+00,0.000000000000000000e+00
1.397676486521959305e-02,1.435441732406616211e+00,-1.459366378842275935e+00,0.000000000000000000e+00
1.446533203125000000e-02,1.427913665771484375e+00,-1.406178860701402300e+00,0.000000000000000000e+00
1.504488009959459305e-02,1.419784188270568848e+00,-1.341711009989522863e+00,3.000000000000000000e+00
1.571702957153320312e-02,1.412534236907958984e+00,4.724482567508386133e+00,2.000000000000000000e+00
1.645946502685546875e-02,1.404680490493774414e+00,-1.235419572564096624e+00,3.000000000000000000e+00
1.710834540426731110e-02,1.396220922470092773e+00,-1.537641665591080509e+00,1.000000000000000000e+00
1.783246919512748718e-02,1.387172698974609375e+00,-2.658524933722274941e+00,3.000000000000000000e+00
1.864948309957981110e-02,1.377517223358154297e+00,-2.963301438107804220e+00,3.000000000000000000e+00
1.952714845538139343e-02,1.367259144783020020e+00,-2.960052357839570991e+00,3.000000000000000000e+00
2.033109590411186218e-02,1.356397986412048340e+00,-2.372981951263965161e+00,1.000000000000000000e+00
2.106761932373046875e-02,1.346288919448852539e+00,3.073128445327722780e+00,2.000000000000000000e+00
2.173929288983345032e-02,1.335596323013305664e+00,-2.244101517495265430e+00,1.000000000000000000e+00
2.241096459329128265e-02,1.324304580688476562e+00,-2.372670217258104230e+00,0.000000000000000000e+00
2.308282814919948578e-02,1.312413930892944336e+00,-2.315973158713461544e+00,0.000000000000000000e+00
2.375459671020507812e-02,1.299924254417419434e+00,-2.258830554651410694e+00,0.000000000000000000e+00
2.436819113790988922e-02,1.288169384002685547e+00,3.244527642166485926e+00,2.000000000000000000e+00
2.498188056051731110e-02,1.275815844535827637e+00,-2.338072763390243836e+00,0.000000000000000000e+00
2.551498450338840485e-02,1.262881517410278320e+00,-1.896192427462237928e+00,1.000000000000000000e+00
2.597131766378879547e-02,1.249369978904724121e+00,-1.655568642876004359e+00,1.000000000000000000e+00
2.664623223245143890e-02,1.236534237861633301e+00,3.277948089046543778e+00,2.000000000000000000e+00
2.735128439962863922e-02,1.224413275718688965e+00,3.503420948683850789e+00,2.000000000000000000e+00
2.796688117086887360e-02,1.211700558662414551e+00,-1.491862502393159984e+00,1.000000000000000000e+00
2.858247794210910797e-02,1.198387861251831055e+00,-1.602067000033969180e+00,0.000000000000000000e+00
2.911577187478542328e-02,1.184493660926818848e+00,-1.165206974623059777e+00,1.000000000000000000e+00
2.974424324929714203e-02,1.169987440109252930e+00,-1.736428249594637263e+00,3.000000000000000000e+00
3.037271462380886078e-02,1.154881358146667480e+00,-1.456507421148899084e+00,0.000000000000000000e+00
3.112487867474555969e-02,1.140396714210510254e+00,3.449188815038280786e+00,2.000000000000000000e+00
3.205232694745063782e-02,1.126003623008728027e+00,1.057830284641067875e+00,2.000000000000000000e+00
3.320827335119247437e-02,1.112508535385131836e+00,4.378998225273972089e+00,2.000000000000000000e+00
3.436432033777236938e-02,1.098413228988647461e+00,-1.433879657356897042e+00,0.000000000000000000e+00
3.565941005945205688e-02,1.084590196609497070e+00,1.798770974209401130e+00,2.000000000000000000e+00
3.723316267132759094e-02,1.071136236190795898e+00,1.898296787508894523e+00,2.000000000000000000e+00
3.888063505291938782e-02,1.057055234909057617e+00,-1.886678672631375120e+00,3.000000000000000000e+00
4.060039669275283813e-02,1.043817758560180664e+00,4.068935284935190744e+00,2.000000000000000000e+00
4.242143779993057251e-02,1.031323671340942383e+00,3.415491385187249485e+00,2.000000000000000000e+00
4.418077319860458374e-02,1.018256664276123047e+00,-1.103059710477934940e+00,1.000000000000000000e+00
4.594011232256889343e-02,1.004589676856994629e+00,-1.397579018232903536e+00,0.000000000000000000e+00
4.783535003662109375e-02,9.911783933639526367e-01,1.542624083129464863e+00,2.000000000000000000e+00
4.982175678014755249e-02,9.771477580070495605e-01,-2.051371735071482849e+00,3.000000000000000000e+00
5.177106708288192749e-02,9.630854129791259766e-01,5.903264477461618309e-01,2.000000000000000000e+00
5.372037738561630249e-02,9.484233856201171875e-01,-1.555110013497483124e+00,0.000000000000000000e+00
5.563707277178764343e-02,9.342325925827026367e-01,2.632905314303468636e+00,2.000000000000000000e+00
5.755376815795898438e-02,9.194419384002685547e-01,-1.623625615425282831e+00,0.000000000000000000e+00
5.938739702105522156e-02,9.040646553039550781e-01,-1.031555305079534746e+00,1.000000000000000000e+00
6.125821918249130249e-02,8.896214962005615234e-01,4.586128044135034720e+00,2.000000000000000000e+00
6.321696937084197998e-02,8.758891820907592773e-01,3.346947514289024816e+00,2.000000000000000000e+00
6.545849144458770752e-02,8.629327416419982910e-01,2.873760074091177508e+00,2.000000000000000000e+00
6.769990921020507812e-02,8.493763804435729980e-01,-1.555385753912815971e+00,0.000000000000000000e+00
6.994152069091796875e-02,8.352202773094177246e-01,-1.510737882275009270e+00,0.000000000000000000e+00
7.218313217163085938e-02,8.204644322395324707e-01,-1.464721011686606289e+00,0.000000000000000000e+00
7.442474365234375000e-02,8.051087260246276855e-01,-1.417546523417399840e+00,0.000000000000000000e+00
7.666635513305664062e-02,7.891532778739929199e-01,-1.369414360707480682e+00,0.000000000000000000e+00
7.911720126867294312e-02,7.738643884658813477e-01,2.923818449827405352e+00,2.000000000000000000e+00
8.148918300867080688e-02,7.580029964447021484e-01,-7.074175121938128807e-01,1.000000000000000000e+00
8.386115729808807373e-02,7.415416836738586426e-01,-1.110466743295518199e+00,0.000000000000000000e+00
8.632345497608184814e-02,7.244575023651123047e-01,-1.802905538017738563e+00,3.000000000000000000e+00
8.871154487133026123e-02,7.067971229553222656e-01,-6.638383317639966474e-01,1.000000000000000000e+00
9.103956073522567749e-02,6.885502338409423828e-01,-5.868388120831287136e-01,1.000000000000000000e+00
9.336767345666885376e-02,6.697032451629638672e-01,-8.051628769871967961e-01,0.000000000000000000e+00
9.569577872753143311e-02,6.502564549446105957e-01,-7.552794825826936176e-01,0.000000000000000000e+00
9.793062508106231689e-02,6.302375793457031250e-01,-4.428369001214946254e-02,1.000000000000000000e+00
1.001653671264648438e-01,6.096187829971313477e-01,-4.217805929648363872e-01,0.000000000000000000e+00
1.023093238472938538e-01,5.884460806846618652e-01,3.365309828033116180e-01,1.000000000000000000e+00
1.046736687421798706e-01,5.672757625579833984e-01,1.736114151572434094e+00,2.000000000000000000e+00
1.071256622672080994e-01,5.454763770103454590e-01,-7.106257120334464883e-01,3.000000000000000000e+00
1.095776557922363281e-01,5.230769515037536621e-01,-2.032637184691452603e-01,0.000000000000000000e+00
1.120297461748123169e-01,5.000776648521423340e-01,-1.577834109984621591e-01,0.000000000000000000e+00
1.144817322492599487e-01,4.764784276485443115e-01,-1.138292807797824935e-01,0.000000000000000000e+00
1.169338226318359375e-01,4.522793292999267578e-01,-7.187684166592589463e-02,0.000000000000000000e+00
1.193858161568641663e-01,4.274802505970001221e-01,-3.245958683467620176e-02,0.000000000000000000e+00
1.218378990888595581e-01,4.020812511444091797e-01,3.594460305805569078e-03,0.000000000000000000e+00
1.242252364754676819e-01,3.760975599288940430e-01,4.266644057217103825e-01,1.000000000000000000e+00
1.266125738620758057e-01,3.495140969753265381e-01,2.250869898566918437e-01,0.000000000000000000e+00
1.289076805114746094e-01,3.223692774772644043e-01,8.757077112003355257e-01,1.000000000000000000e+00
1.313122808933258057e-01,2.959455251693725586e-01,5.586568270173569495e+00,2.000000000000000000e+00
1.338005959987640381e-01,2.688900232315063477e-01,-2.816041336606918133e-01,3.000000000000000000e+00
1.363599747419357300e-01,2.412240803241729736e-01,-3.481054868173021344e-01,3.000000000000000000e+00
1.389193534851074219e-01,2.129581719636917114e-01,-1.120023704209245352e-01,0.000000000000000000e+00
1.414787322282791138e-01,1.840923875570297241e-01,-1.890200791436313921e-01,0.000000000000000000e+00
1.439655274152755737e-01,1.546498835086822510e-01,1.426779936338402888e-01,1.000000000000000000e+00
1.465365439653396606e-01,1.245753169059753418e-01,-9.337483066196046178e-01,3.000000000000000000e+00
1.493201255798339844e-01,9.509482979774475098e-02,3.625915229702042275e+00,2.000000000000000000e+00
1.521780937910079956e-01,6.498392671346664429e-02,-1.813368739890676151e+00,3.000000000000000000e+00
1.550360620021820068e-01,3.427292034029960632e-02,-1.919531284854997466e+00,0.000000000000000000e+00
1.578131616115570068e-01,2.976939780637621880e-03,7.968467314119608069e+00,1.000000000000000000e+00
1.605673730373382568e-01,-2.648748457431793213e-02,1.982849005990642510e+01,2.000000000000000000e+00
1.646357476711273193e-01,-4.276169836521148682e-02,-1.000000000000000000e+02,2.000000000000000000e+00
1.346521358937025070e-02,1.408829927444458008e+00,-7.175121882876283053e-01,0.000000000000000000e+00
2.026100084185600281e-02,1.406889319419860840e+00,-1.834295053657682528e+00,3.000000000000000000e+00
2.697534486651420593e-02,1.404340267181396484e+00,1.147025271464497120e-01,1.000000000000000000e+00
3.377809375524520874e-02,1.401194691658020020e+00,-2.237889726015537040e+00,3.000000000000000000e+00
4.066209867596626282e-02,1.397433996200561523e+00,-2.403378766059061977e+00,3.000000000000000000e+00
4.773158952593803406e-02,1.393747329711914062e+00,-2.673633655648660401e+00,2.000000000000000000e+00
5.480146408081054688e-02,1.389462113380432129e+00,-1.305986022642201760e+00,0.000000000000000000e+00
6.179847568273544312e-02,1.384582042694091797e+00,-2.995323716712892104e-01,1.000000000000000000e+00
6.879587471485137939e-02,1.379103064537048340e+00,-1.193600084312748777e+00,0.000000000000000000e+00
7.588758319616317749e-02,1.373005747795104980e+00,-2.629334310209286318e+00,3.000000000000000000e+00
8.297977596521377563e-02,1.366310119628906250e+00,-1.475682567006202817e+00,0.000000000000000000e+00
9.007234871387481689e-02,1.359016180038452148e+00,-1.497685581545113109e+00,0.000000000000000000e+00
9.723472595214843750e-02,1.351104259490966797e+00,-2.552342741900217593e+00,3.000000000000000000e+00
1.043097525835037231e-01,1.342606306076049805e+00,-4.981160373689863530e-01,1.000000000000000000e+00
1.116755455732345581e-01,1.334592223167419434e+00,-2.103336458034266165e+00,2.000000000000000000e+00
1.191220283508300781e-01,1.325972318649291992e+00,-2.532445457382009213e+00,3.000000000000000000e+00
1.266612112522125244e-01,1.316734313964843750e+00,-2.922945082475989498e+00,3.000000000000000000e+00
1.342685669660568237e-01,1.306890845298767090e+00,-2.778946321656120322e+00,3.000000000000000000e+00
1.418767869472503662e-01,1.296450495719909668e+00,-1.985317356566582703e+00,0.000000000000000000e+00
1.495599746704101562e-01,1.285384535789489746e+00,-3.085613891653592677e+00,3.000000000000000000e+00
1.572443991899490356e-01,1.273722529411315918e+00,-2.176075694285657391e+00,0.000000000000000000e+00
1.650196015834808350e-01,1.261440515518188477e+00,-3.440539562908468074e+00,3.000000000000000000e+00
1.728782653808593750e-01,1.249366521835327148e+00,-1.462314304928770570e+00,2.000000000000000000e+00
1.809714287519454956e-01,1.237739443778991699e+00,-2.183095160200184459e+00,2.000000000000000000e+00
1.889880150556564331e-01,1.225543737411499023e+00,-1.429079210729496507e+00,1.000000000000000000e+00
1.969437599182128906e-01,1.212770581245422363e+00,-1.317075488475920819e+00,1.000000000000000000e+00
2.049003541469573975e-01,1.199400782585144043e+00,-2.042328199097255492e+00,0.000000000000000000e+00
2.129178047180175781e-01,1.185390710830688477e+00,-2.988556378293337534e+00,3.000000000000000000e+00
2.209362983703613281e-01,1.170784950256347656e+00,-2.197545475470121801e+00,0.000000000000000000e+00
2.288911789655685425e-01,1.155617237091064453e+00,-1.290776458217321787e+00,1.000000000000000000e+00
2.368471175432205200e-01,1.139852881431579590e+00,-2.010767708245623453e+00,0.000000000000000000e+00
2.449385672807693481e-01,1.124342441558837891e+00,-1.017844678663084368e+00,2.000000000000000000e+00
2.530310750007629395e-01,1.108235239982604980e+00,-2.061391476004018841e+00,0.000000000000000000e+00
2.611247897148132324e-01,1.091531753540039062e+00,-2.051811430786131041e+00,0.000000000000000000e+00
2.694203257560729980e-01,1.075356483459472656e+00,-7.605159077557914760e-01,2.000000000000000000e+00
2.777172923088073730e-01,1.058585047721862793e+00,-2.136277293055968585e+00,0.000000000000000000e+00
2.863850593566894531e-01,1.042237162590026855e+00,-2.351623328163429782e+00,2.000000000000000000e+00
2.949725985527038574e-01,1.025364756584167480e+00,-8.570896822239137958e-01,1.000000000000000000e+00
3.041645884513854980e-01,1.008940458297729492e+00,-3.800097280078534645e+00,2.000000000000000000e+00
3.133576512336730957e-01,9.919185042381286621e-01,-1.800549352566520156e+00,0.000000000000000000e+00
3.226220011711120605e-01,9.742414355278015137e-01,-2.939048118314217195e+00,3.000000000000000000e+00
3.319391310214996338e-01,9.559046626091003418e-01,-2.949779900007369893e+00,3.000000000000000000e+00
3.413300514221191406e-01,9.368997812271118164e-01,-3.407451271842062202e+00,3.000000000000000000e+00
3.507234454154968262e-01,9.172996282577514648e-01,-2.412412584705919016e+00,0.000000000000000000e+00
3.604912757873535156e-01,8.979915976524353027e-01,-2.969721736954102020e+00,2.000000000000000000e+00
3.706558346748352051e-01,8.789291381835937500e-01,-3.438972185057468600e+00,2.000000000000000000e+00
3.807477056980133057e-01,8.593586087226867676e-01,-1.211021696743528109e+00,1.000000000000000000e+00
3.907885551452636719e-01,8.392576575279235840e-01,-1.321054185510233792e+00,1.000000000000000000e+00
4.007673263549804688e-01,8.186315298080444336e-01,-9.894801725131674441e-01,1.000000000000000000e+00
4.108080863952636719e-01,7.973265051841735840e-01,-3.007471238525822432e+00,3.000000000000000000e+00
4.208507537841796875e-01,7.754240632057189941e-01,-2.098649773463989732e+00,0.000000000000000000e+00
4.313987791538238525e-01,7.539695501327514648e-01,-3.121192316134158595e+00,2.000000000000000000e+00
4.418982565402984619e-01,7.319962978363037109e-01,-1.256318016468724208e+00,1.000000000000000000e+00
4.523323178291320801e-01,7.095251083374023438e-01,-7.739937247529542486e-01,1.000000000000000000e+00
4.631338119506835938e-01,6.869792342185974121e-01,-3.220882637581996555e+00,2.000000000000000000e+00
4.738769531250000000e-01,6.639336943626403809e-01,-6.602119887839694723e-01,1.000000000000000000e+00
4.846851229667663574e-01,6.401886343955993652e-01,-2.929605699181733858e+00,3.000000000000000000e+00
4.954946637153625488e-01,6.158450841903686523e-01,-1.938248340295899652e+00,0.000000000000000000e+00
5.063052177429199219e-01,5.909027457237243652e-01,-1.986886898623538400e+00,0.000000000000000000e+00
5.171586871147155762e-01,5.653005838394165039e-01,-2.868319047465006211e+00,3.000000000000000000e+00
5.280746221542358398e-01,5.389920473098754883e-01,-3.583314972081466099e+00,3.000000000000000000e+00
5.390542745590209961e-01,5.119783282279968262e-01,-3.935224821790909377e+00,3.000000000000000000e+00
5.500724911689758301e-01,4.842952489852905273e-01,-3.821965166998806840e+00,3.000000000000000000e+00
5.610589981079101562e-01,4.561093747615814209e-01,-2.344076124518919446e+00,1.000000000000000000e+00
5.720483660697937012e-01,4.273263216018676758e-01,-3.133934920883973518e+00,0.000000000000000000e+00
5.829951167106628418e-01,3.980604410171508789e-01,-2.095558429532984324e+00,1.000000000000000000e+00
5.939442515373229980e-01,3.681966364383697510e-01,-3.082238880059321673e+00,0.000000000000000000e+00
6.048679351806640625e-01,3.378187417984008789e-01,-2.426266993579899722e+00,1.000000000000000000e+00
6.163919568061828613e-01,3.073258101940155029e-01,-5.660134222779890756e+00,2.000000000000000000e+00
6.278883218765258789e-01,2.763088941574096680e-01,-2.572972968550998107e+00,1.000000000000000000e+00
6.393526196479797363e-01,2.448027282953262329e-01,-2.272099908826275882e+00,1.000000000000000000e+00
6.508423089981079102e-01,2.126070559024810791e-01,-4.044050634905857144e+00,3.000000000000000000e+00
6.623073816299438477e-01,1.798911839723587036e-01,-2.828148315038133465e+00,1.000000000000000000e+00
6.737403869628906250e-01,1.466953903436660767e-01,-2.475917592993452931e+00,1.000000000000000000e+00
6.851461529731750488e-01,1.130123436450958252e-01,-2.466003433858274807e+00,1.000000000000000000e+00
6.965522766113281250e-01,7.872942090034484863e-02,-3.377473700579969318e+00,0.000000000000000000e+00
7.079971432685852051e-01,4.372259229421615601e-02,-4.783715615959095224e+00,3.000000000000000000e+00
7.194429636001586914e-01,8.116231299936771393e-03,5.945809286191263254e+00,0.000000000000000000e+00
7.329820394515991211e-01,-5.175116006284952164e-03,1.581871680832547256e+01,2.000000000000000000e+00
7.472133636474609375e-01,-1.983270794153213501e-02,-2.417941150006037176e+01,2.000000000000000000e+00
7.617372274398803711e-01,-3.515312820672988892e-02,-2.085740952199117260e+01,3.000000000000000000e+00
7.774858474731445312e-01,-4.841572418808937073e-02,-2.701431253430921586e+01,2.000000000000000000e+00
7.941114306449890137e-01,-5.573790147900581360e-02,-1.000000000000000000e+02,3.000000000000000000e+00
